unique_id,ds,AutoKAN,AutoMLP,AutoGRU,AutoLSTM,AutoDLinear,AutoDeepAR,AutoDeepAR-median,AutoDeepAR-lo-90,AutoDeepAR-lo-80,AutoDeepAR-hi-80,AutoDeepAR-hi-90,AutoNHITS,AutoDeepNPTS,AutoAutoformer,AutoInformer,AutoTCN,AutoDilatedRNN,y
ID0,1985-06-30,5.322318,2.784708,4.07525,3.752293,1.8770921,3.2468944,3.1172967,1.8427771,2.1712768,4.602481,5.03263,3.011191,4.4682546,,3.0394738,3.9517903,4.288259,2.25
ID0,1985-09-30,6.846045,3.6795669,3.2623982,4.1289973,3.5971894,4.1836805,4.1070433,2.1535115,2.4070456,6.0944767,6.699212,3.1539865,4.4710093,,3.2337713,3.101568,3.9186516,1.02
ID1,1989-06-30,112.08861,100.874405,96.518005,102.22566,102.49465,103.64818,103.21589,100.192,100.82188,107.07746,108.05834,101.73334,105.27721,,101.54095,102.11605,102.585014,99.0
ID1,1989-09-30,114.192726,102.78038,95.50501,104.610245,103.41051,107.23509,107.44522,101.8595,103.17482,110.64134,113.03645,102.02231,104.811714,,102.00606,104.28324,106.14419,99.0
ID10,1989-12-31,151.2871,146.9559,120.27391,150.21832,141.74582,148.81912,148.23706,129.07251,133.78249,162.53128,170.36276,148.1467,140.14017,,148.40945,135.2606,126.91966,121.0
ID10,1990-03-31,159.91293,151.59705,146.73726,159.94394,144.94278,165.09776,164.2023,143.03992,146.6402,184.28334,189.80042,163.90515,140.21684,,153.06053,149.31702,137.46207,154.0
ID100,1982-03-31,368.1664,440.29913,355.09494,255.0206,337.7107,381.6649,382.64105,332.0006,339.02896,418.21677,427.8317,396.98807,349.60416,,357.6102,283.15558,219.6235,239.3
ID100,1982-06-30,376.4953,413.94604,290.0087,198.28699,327.00253,383.1683,382.6994,331.19336,348.02667,424.67023,432.8129,400.50983,347.8481,,393.93512,308.35724,187.10716,424.0
ID101,1995-06-30,149.79272,143.85536,141.97612,139.99307,140.4715,138.65816,138.33058,135.00974,135.64778,142.26451,143.40854,142.09921,130.07204,,141.87843,135.62839,138.70706,145.6
ID101,1995-09-30,150.35973,148.17664,141.6533,142.64566,139.95453,137.4264,137.41019,132.74394,134.21136,140.49463,141.15564,146.46051,129.64445,,145.04117,135.14984,140.59668,150.5
ID102,1986-06-30,16625.271,15431.522,15185.329,15404.788,15796.481,15496.435,15491.953,15078.946,15147.141,15855.462,15980.229,15374.037,15163.971,,15524.091,14607.992,15125.138,15468.0
ID102,1986-09-30,16903.309,15453.726,14990.856,15585.219,15519.371,15641.668,15640.042,15134.261,15282.57,16015.458,16220.707,15676.358,15146.874,,15682.907,14611.128,15417.105,16516.0
ID103,1980-06-30,201.9424,174.72475,162.60786,167.72952,195.22604,184.93013,185.42441,171.4771,173.44867,193.85355,196.81943,173.3016,178.39359,,198.32756,195.60811,180.70203,181.0
ID103,1980-09-30,208.76299,199.03836,193.4599,210.45772,194.77841,193.39546,193.49657,183.60173,185.95137,202.17659,204.29605,199.4677,177.06413,,202.04843,200.20926,208.75558,204.0
ID104,1986-06-30,515.67303,510.875,457.6808,479.0939,510.48834,500.36215,501.00552,462.66855,476.16678,528.69836,532.5712,500.17685,451.48108,,539.6205,479.27283,484.89786,492.0
ID104,1986-09-30,526.00793,551.2179,531.94946,544.5343,503.66037,502.53818,501.6322,471.38428,477.98688,523.59924,530.24384,542.2472,447.60635,,569.3873,496.39206,537.01074,546.0
ID105,1986-06-30,195.17027,171.69037,161.91985,181.33878,187.41417,175.32117,174.93195,165.126,167.16434,184.94022,187.8499,173.02533,176.44852,,185.303,172.15112,186.43118,179.0
ID105,1986-09-30,202.09724,191.14108,175.68146,197.82993,186.73613,182.81706,182.85046,174.7259,175.92389,189.88585,191.3671,192.19579,175.71149,,185.27892,177.14175,198.37283,189.0
ID106,1982-06-30,154.00575,159.63104,151.40854,152.96829,150.31783,155.31224,155.91443,141.03967,144.40135,165.31566,169.32678,161.53812,144.31734,,159.0271,153.017,150.13843,160.7
ID106,1982-09-30,160.42282,141.79358,134.92464,145.55408,150.51364,157.1408,156.99307,143.14185,146.19626,167.57713,169.81366,164.47336,143.93478,,168.42227,166.68571,142.13818,111.8
ID107,1986-06-30,143.39342,135.4372,129.4935,131.44122,137.24112,134.11246,133.49805,128.87434,129.3665,138.35878,139.15227,134.35542,126.1702,,137.16379,132.44374,127.3446,133.0
ID107,1986-09-30,145.25743,139.47322,135.4275,135.88501,136.20879,134.13742,134.17212,128.85641,130.51584,137.84892,139.00734,140.52695,125.68831,,139.02422,133.99219,131.75604,138.0
ID108,1987-06-30,5013.037,4885.518,3884.2012,4740.868,4669.252,4569.6885,4598.774,3906.34,4051.5334,5058.3594,5173.1562,4642.5425,4628.781,,4792.559,4584.7764,4349.2207,4206.0
ID108,1987-09-30,5181.7217,5288.4956,4680.303,5323.3716,4625.373,4855.7466,4893.084,4137.634,4325.319,5375.631,5514.4414,5238.621,4601.609,,4969.3,4820.7827,5044.5684,4778.0
ID109,1987-06-30,15060.023,14327.646,12969.58,14215.329,13764.894,14417.926,14487.094,13453.966,13680.396,15187.065,15293.661,13848.395,13709.229,,13686.328,13559.791,12934.838,13280.0
ID109,1987-09-30,15412.437,15194.095,14035.977,15193.419,13647.431,14388.689,14356.607,13094.482,13650.786,15157.793,15382.337,14712.52,13658.873,,13877.487,14196.911,14833.194,3584.0
ID11,1982-06-30,290.41223,267.03113,255.6208,275.29977,264.87308,273.82483,271.95657,220.67488,227.69106,320.16904,330.72614,255.02602,215.4358,,304.29294,256.6486,246.92937,211.0
ID11,1982-09-30,291.9115,312.14252,272.0739,280.94547,271.7603,271.5803,277.71576,210.27554,220.3042,316.47708,325.21304,281.4692,213.19232,,330.33893,330.38275,233.62898,288.0
ID110,1987-03-31,127.503914,100.60499,130.9695,126.90017,107.28622,123.2959,123.42044,97.721855,104.74406,142.78297,147.8508,114.01483,118.06319,,114.1018,123.97712,114.61714,130.0
ID110,1987-06-30,119.535934,107.22284,107.5863,108.76844,106.827354,107.487755,106.45456,91.57196,94.86802,122.08886,126.618546,82.12246,120.133766,,124.66138,109.21191,100.321465,104.0
ID111,1987-03-31,3275.8213,3414.8174,3174.2832,3395.2632,3048.949,3133.2332,3122.2412,2952.012,2987.8286,3279.451,3334.0547,3283.0156,2901.0256,,3018.0696,3077.856,3209.169,3365.0
ID111,1987-06-30,3184.3052,3167.7385,2799.9302,2943.8826,2961.4072,3069.8152,3067.7512,2887.8926,2939.3298,3207.7214,3237.3357,3225.2695,2910.661,,3120.7085,2809.3696,2930.9785,2990.0
ID112,1986-06-30,487.45468,460.00327,455.9555,458.8912,463.42764,448.15414,447.083,435.19235,438.44464,457.70148,462.79944,456.89603,433.11972,,451.62283,455.731,461.31006,468.0
ID112,1986-09-30,489.94537,471.47586,458.28534,458.7861,455.37915,446.31226,446.8167,428.1882,435.02216,457.98752,463.84308,466.8015,432.23776,,453.01816,460.57672,462.40332,476.0
ID113,1985-06-30,225.85388,220.65828,219.57864,252.9997,204.59608,211.16406,216.63406,112.50728,132.80515,276.70267,305.36823,203.36972,206.64008,,235.93135,237.10568,205.88062,253.7
ID113,1985-09-30,247.43011,260.96063,213.5094,256.65018,215.51672,229.78441,230.2182,132.84988,148.91821,324.868,340.59503,305.11313,205.82213,,253.32635,252.68878,225.06015,262.4
ID114,1986-12-31,10870.811,11293.263,10267.863,11015.17,10203.871,9441.656,9436.113,8589.169,8669.092,10049.177,10175.854,10547.95,9071.917,,10601.636,10509.779,9861.297,11204.0
ID114,1987-03-31,10537.566,10216.928,9669.023,9848.258,9987.472,8756.153,8936.727,7085.212,7588.925,9600.216,9859.331,10495.666,9048.971,,11239.298,10090.271,10072.357,10265.0
ID115,1986-06-30,167.30678,159.6453,152.51651,152.87099,163.21594,161.98007,162.44263,152.31462,154.84155,168.8927,170.26025,159.43936,147.9853,,179.22836,152.27153,154.4596,155.0
ID115,1986-09-30,168.64781,163.69708,167.7471,167.57526,162.2744,162.57187,162.2977,154.64229,157.14917,168.11385,170.51852,163.97539,146.61961,,193.18158,156.06332,163.79399,159.0
ID116,1989-06-30,716.8311,664.18256,654.7411,671.0392,669.259,651.0989,649.802,638.9005,640.6894,661.453,664.4446,661.463,639.10315,,656.63257,654.00397,670.5729,658.8
ID116,1989-09-30,723.60803,673.0016,676.12915,690.28094,662.3407,651.57556,651.5348,639.33606,640.51044,661.7167,665.6454,671.41095,638.2994,,659.8418,663.8397,687.4979,668.3
ID117,1989-06-30,452.12625,417.65402,414.64743,423.97345,421.50183,411.05878,410.46216,403.6638,405.24988,417.65356,420.80292,416.34637,403.27423,,413.0015,412.2312,422.64847,411.7
ID117,1989-09-30,455.65033,422.7349,422.0702,431.06927,417.4469,411.16574,410.7613,401.01434,403.16708,419.7043,421.56732,421.42725,402.8536,,414.7224,416.26324,430.04657,424.3
ID118,1989-06-30,210.43776,195.8651,193.4206,199.88791,195.90868,191.42574,191.40933,186.95226,187.4825,195.3024,196.91794,194.64774,187.05594,,193.36876,193.85158,198.703,193.2
ID118,1989-09-30,212.18365,199.09769,199.9409,204.98578,194.88118,190.79,190.59189,185.54938,186.18867,195.66724,196.38515,197.46524,186.7946,,194.71758,195.83902,203.31232,194.2
ID119,1989-06-30,127.888824,122.01657,119.00045,120.92178,120.95098,118.84071,118.98952,115.0579,116.14498,122.00795,122.24887,121.150604,114.08351,,121.16379,120.01256,119.98969,119.0
ID119,1989-09-30,129.56638,125.15784,122.92962,123.70833,120.52623,118.66562,118.457275,115.12448,115.985,121.596756,122.2914,124.65668,113.76351,,123.024216,121.449005,122.72729,120.0
ID12,1992-06-30,481.46286,440.3643,447.282,437.20798,440.12796,435.52054,436.21082,424.97324,427.36914,442.1854,445.62988,432.59122,428.39957,,431.82037,426.70273,436.60718,428.0
ID12,1992-09-30,481.99866,437.85358,452.5389,442.52832,437.48462,436.57068,436.2909,427.28372,428.5612,444.3541,445.35202,434.98865,428.29663,,433.93228,427.22452,436.12277,436.0
ID120,1994-06-30,275.72165,262.9639,263.13037,266.24628,261.92935,255.32402,255.92839,244.70186,246.42653,262.95493,265.1798,262.31723,242.97736,,257.7015,246.81432,264.65778,259.3
ID120,1994-09-30,278.86554,269.99872,258.76303,274.07758,258.88486,255.46925,255.18912,243.85286,246.06737,263.73788,266.4485,270.87726,242.30579,,259.4224,246.20895,272.78934,266.2
ID121,1978-06-30,19.057098,16.893015,16.990723,17.077518,16.277966,16.781952,16.790474,16.275759,16.386503,17.204504,17.256416,17.15737,16.980513,,16.978205,17.03944,17.27312,17.22
ID121,1978-09-30,19.7842,16.908907,17.025974,17.288614,17.821001,16.555828,16.608143,15.701109,15.939963,17.09144,17.236765,17.192879,16.986423,,16.999325,17.295218,17.589685,17.42
ID122,1978-06-30,859.78784,794.1796,782.05896,794.7428,804.4709,782.84766,783.2084,761.98,766.7699,797.4567,800.42413,795.0353,771.64746,,789.96356,784.3489,795.58545,800.9
ID122,1978-09-30,869.9866,803.37225,801.18115,814.24243,795.34546,779.9967,779.2942,757.41656,762.64984,796.9462,801.3439,807.0637,770.6868,,794.66113,797.14453,814.5416,815.9
ID123,1978-06-30,152.88092,144.79503,142.56133,143.3317,143.36497,140.06284,140.19064,136.12413,136.51529,143.5132,144.62363,143.16705,134.67049,,141.55237,138.21779,141.33371,140.7
ID123,1978-09-30,154.58868,148.70996,141.72717,144.82848,142.26738,139.45921,139.43826,133.6668,135.06314,144.32967,145.22142,146.36816,134.37097,,142.71513,138.27834,142.54852,142.2
ID124,1978-06-30,51.32823,45.9161,46.0449,48.066933,45.873146,46.482586,46.52619,44.334454,44.565754,48.34054,49.080006,46.175137,48.090492,,46.008194,48.132683,47.596474,46.2
ID124,1978-09-30,51.747383,47.14608,46.88515,49.832783,47.463646,47.387436,47.343792,44.012455,44.773003,49.949604,50.378498,46.891068,47.75148,,46.10122,49.624367,49.302128,48.9
ID125,1978-06-30,18.193329,16.455357,15.830776,15.50587,15.710474,16.9752,16.950932,15.6385355,15.92546,17.910255,18.440899,16.429966,16.339634,,17.896313,16.164923,15.765736,16.2
ID125,1978-09-30,19.644707,18.252499,17.56661,17.609325,17.189508,18.017084,18.006157,16.617344,16.946766,19.20275,19.359367,18.612108,16.203276,,18.933504,16.588531,17.522005,18.12
ID126,1986-06-30,124.137215,115.94147,113.85521,113.86583,115.787094,113.340385,113.14932,109.5817,110.1936,116.585785,117.44902,116.0004,110.29597,,118.32757,112.20908,117.36277,125.0
ID126,1986-09-30,123.35657,117.5636,116.33289,117.327896,115.0898,112.70119,112.613464,109.34571,109.77152,115.79001,116.807236,118.18802,109.90416,,122.04842,113.14366,120.50824,119.0
ID127,1988-06-30,1146.7227,1064.5605,1050.973,1060.3801,1071.758,1044.9481,1044.3164,1028.6844,1031.9386,1058.9897,1065.8556,1057.7004,1023.3789,,1055.196,1037.2527,1061.9165,1066.0
ID127,1988-09-30,1156.6766,1078.4255,1061.2196,1080.053,1060.6127,1045.6206,1044.5386,1028.7788,1031.4939,1060.8896,1064.1714,1071.2534,1022.13715,,1063.1029,1045.2631,1083.2393,1090.0
ID128,1988-06-30,6666.39,6301.8457,6140.745,6226.3066,6301.1006,6100.106,6101.3735,5922.469,5951.125,6240.2686,6268.816,6242.813,5911.1567,,6183.0947,6105.9717,6269.465,6255.0
ID128,1988-09-30,6715.874,6451.643,6286.001,6389.0645,6194.833,6099.85,6103.86,5915.79,5942.8613,6271.507,6287.218,6396.759,5899.0415,,6229.6055,6161.359,6430.582,6421.0
ID129,1988-06-30,225.36522,226.04301,215.50084,215.12566,217.8661,213.23615,213.29199,201.13649,203.4446,222.49237,225.69751,221.78758,196.27031,,218.45537,211.51472,217.93558,219.1
ID129,1988-09-30,226.21053,236.70905,219.96002,224.4208,214.66641,213.04019,213.29272,204.87593,205.47066,220.37364,223.03123,232.37608,195.32373,,223.05994,214.00253,225.4933,231.8
ID13,1986-03-31,28968.232,28720.72,27603.695,27978.746,27044.236,26387.54,26363.217,25312.021,25525.766,27251.93,27313.307,27505.705,24706.688,,27445.033,25789.627,27751.496,27657.0
ID13,1986-06-30,28656.098,30399.654,27833.586,28452.605,26808.697,25873.76,25883.268,24356.58,24801.982,26979.871,27586.018,27858.656,24633.604,,28229.205,25413.33,28676.541,24207.0
ID130,1988-06-30,125.32642,114.62681,112.26514,115.06676,117.33837,115.83815,115.91867,112.29853,113.451706,118.31555,118.58295,113.19458,110.19017,,118.01788,111.798416,117.31515,118.8
ID130,1988-09-30,126.75706,116.714264,118.27064,120.16802,117.11452,115.486404,115.669556,111.32112,113.06919,117.997,118.63655,116.932014,109.87388,,119.92483,113.829285,122.37102,124.3
ID131,1988-06-30,13834.991,12750.772,12605.908,12821.177,12920.818,12594.927,12587.436,12435.946,12476.739,12704.754,12767.554,12699.593,12410.65,,12657.536,12620.018,12794.994,12715.0
ID131,1988-09-30,13966.284,12878.552,12869.258,13048.329,12769.884,12560.667,12557.705,12386.362,12423.748,12691.505,12724.841,12826.192,12400.3125,,12714.744,12711.321,12987.615,12840.0
ID132,1978-06-30,37843.38,34915.816,34695.312,35350.42,35378.29,34382.32,34404.21,33585.94,33777.34,34959.29,35170.285,34787.19,34049.21,,34593.758,34492.375,35162.8,34808.0
ID132,1978-09-30,38112.016,35446.457,34807.355,35356.277,34868.31,34169.43,34233.227,33335.184,33576.99,34708.406,34842.043,35156.336,33285.836,,34750.035,34497.13,35646.07,34500.0
ID133,1978-06-30,24119.44,21682.824,21779.79,22122.723,22441.504,21903.309,21891.414,21701.54,21758.54,22094.727,22170.885,21767.48,21631.385,,22121.758,22055.098,22081.213,22288.0
ID133,1978-09-30,24409.611,21773.082,21982.918,22316.082,22256.389,21796.082,21796.77,21513.578,21600.03,21995.025,22028.422,21877.143,21617.871,,22278.033,22054.3,22348.113,22464.0
ID134,1991-06-30,1674.0676,2182.345,1977.6532,1884.618,1861.8287,1742.5754,1756.428,1379.7258,1426.3984,2012.831,2100.3577,1761.7876,1122.6631,,1887.7946,1782.7297,1916.8529,2018.0
ID134,1991-09-30,1605.2799,2552.8997,1814.3346,1891.0221,1712.8518,1598.6777,1645.7749,1148.3457,1208.84,1922.1387,1990.1937,2048.0469,1088.4028,,1993.374,1778.1466,1781.463,1387.0
ID135,1978-06-30,392.8278,354.81418,356.44702,368.54898,368.62796,359.73416,360.8324,342.3314,346.2292,373.1131,375.55017,358.52686,348.7223,,362.12814,351.89798,369.9942,337.0
ID135,1978-09-30,399.1408,389.003,365.78738,390.10016,365.5991,356.3974,355.78287,336.42035,344.0749,373.59216,375.7789,379.78433,347.05557,,362.9729,361.43542,391.61517,375.0
ID136,1978-06-30,143.42001,131.62703,122.74888,129.37527,134.03743,132.24838,132.09674,128.31276,128.85495,136.038,137.1382,129.81677,133.04082,,132.72456,131.50961,131.02371,127.6
ID136,1978-09-30,147.75288,134.83128,133.58293,138.39523,134.68631,135.80103,135.97853,131.01022,132.63982,138.90147,139.70276,135.55981,132.88638,,133.00362,134.0175,138.16278,134.0
ID137,1988-06-30,117.77019,110.99756,106.542755,107.768524,111.2773,108.98471,108.87323,104.11654,104.4533,113.54572,115.08977,111.20885,105.03151,,109.55406,107.80594,111.429054,106.77
ID137,1988-09-30,119.307846,113.41428,104.34171,107.814,110.58491,108.948784,108.93321,104.405876,105.86207,111.82359,114.94912,114.8197,104.840195,,110.14118,107.64461,110.937454,107.09
ID138,1988-06-30,34.363403,33.801376,32.34251,32.342155,31.709936,31.92117,31.889702,30.273338,30.686943,33.335297,33.49282,33.31548,29.467026,,33.020256,32.1959,32.233276,32.24
ID138,1988-09-30,34.91838,35.40694,33.33104,33.46393,32.651115,31.788109,31.95888,29.93488,30.358496,33.001312,33.35148,34.854576,29.327364,,33.931866,32.58885,33.660175,35.34
ID139,1993-06-30,69.17646,62.222126,61.03079,62.858467,62.686626,61.331444,61.179443,57.271114,58.254448,64.396255,64.89526,61.866837,63.142326,,63.353775,61.818947,62.527733,58.3
ID139,1993-09-30,71.34373,63.49584,60.65729,63.324783,63.689434,61.885464,61.85356,57.58276,58.47793,65.37751,65.96107,62.93625,63.0213,,64.36749,62.341103,63.25817,54.0
ID14,1986-06-30,130537.164,112237.055,114340.21,109241.43,119176.13,117986.68,117717.39,113570.945,114762.95,121838.2,122445.31,116438.41,121380.62,,119006.836,109941.19,112877.66,131788.0
ID14,1986-09-30,133241.7,115784.15,116220.93,108609.73,119383.516,119682.04,119373.58,113986.81,115021.46,124969.97,126277.18,116167.5,121591.91,,120943.88,101895.914,111059.2,116357.0
ID140,1989-06-30,120.81632,85.43041,92.77602,98.330475,119.41085,96.329414,95.74194,83.2425,87.01612,105.50644,108.69198,85.40765,115.39664,,123.54095,103.57464,84.18699,86.0
ID140,1989-09-30,135.49678,124.338715,106.55077,113.30385,122.91868,123.27448,122.380875,114.71785,117.24443,130.60162,130.94852,124.54257,114.57354,,124.00606,120.2463,127.289085,116.0
ID141,1989-06-30,127.23813,105.98801,98.30595,101.00045,123.67832,111.39145,111.60868,100.77637,103.88845,118.84464,122.807945,104.75737,115.00387,,125.62284,116.75893,104.60161,104.0
ID141,1989-09-30,135.17685,128.75937,118.1754,132.3706,124.79825,123.141754,122.83481,116.67393,117.97423,128.90802,130.86185,127.53023,114.18437,,127.018166,120.639595,129.98573,121.0
ID142,1989-06-30,112.30294,102.1299,102.8962,104.32028,105.20536,102.89368,102.74682,101.39636,101.697586,104.445305,105.113365,103.32834,102.76578,,105.081894,104.35796,104.30352,104.0
ID142,1989-09-30,114.09027,105.11812,106.70707,108.32684,105.8382,101.85171,101.857346,99.177055,99.87187,103.780174,104.80727,104.80124,102.631195,,106.01211,105.67713,106.315926,106.0
ID143,1989-06-30,129.69308,123.31604,120.54481,122.42124,122.82164,120.58295,120.72667,115.98274,117.13821,123.61138,124.31503,122.5865,115.10484,,123.70473,121.927956,121.14494,119.0
ID143,1989-09-30,131.70361,127.00868,125.289215,126.37961,122.328064,121.293686,121.23961,117.576004,118.24093,124.549934,125.45373,127.09399,114.709145,,126.030266,123.44403,125.006424,121.0
ID144,1989-06-30,122.40843,114.9184,107.24869,106.47022,123.20339,115.21347,115.17937,105.65111,108.22517,122.290146,124.48348,110.88418,113.39785,,123.62284,121.01389,101.91576,114.0
ID144,1989-09-30,127.417046,123.902084,112.71855,112.88794,122.75692,119.46932,120.228714,110.65757,112.94615,125.577644,127.67017,122.972984,112.87075,,125.018166,117.68648,107.75489,118.0
ID145,1988-06-30,338.0632,309.78485,308.30005,311.79117,315.52634,309.83865,309.75488,305.25693,306.27518,313.0825,313.93524,308.3471,306.76163,,309.5486,309.5786,313.0838,310.6
ID145,1988-09-30,341.8038,309.76694,314.41638,314.9685,312.93604,310.70187,310.45798,306.33203,306.9319,314.2776,315.08994,310.27472,306.60413,,310.858,310.7992,316.9165,308.0
ID146,1978-06-30,143.37975,131.57954,122.6049,129.23878,134.0208,132.03403,131.44733,127.03651,128.42241,136.11931,137.16644,129.68394,133.04082,,132.72456,131.46329,130.99048,127.7
ID146,1978-09-30,147.74213,134.8603,133.52559,138.2858,134.67256,135.78047,135.87671,132.2505,133.17273,138.4576,138.61366,135.57622,132.88638,,133.00362,133.9802,138.17654,134.0
ID147,1978-06-30,134.4576,123.14002,120.88519,123.92158,124.5157,122.21834,122.33614,119.25524,119.781654,124.33093,125.12907,123.68283,121.90833,,123.41961,122.58083,123.44644,123.4
ID147,1978-09-30,136.16866,124.22748,124.91398,127.066216,124.719795,122.0524,122.11649,119.20623,119.65303,124.61355,125.25549,124.29402,121.81408,,124.21029,123.6783,125.871414,127.0
ID148,1978-06-30,138.32408,126.32034,122.56804,126.42171,128.2162,127.12436,127.04079,123.30418,124.5002,130.05978,130.69197,127.2116,126.3447,,126.470474,126.27041,126.631065,125.6
ID148,1978-09-30,141.1676,128.5316,128.60635,131.83775,128.58058,127.86077,127.717606,124.55404,125.49855,130.40399,131.10977,129.86194,126.247734,,126.703026,128.59674,130.87271,129.3
ID149,1978-06-30,158.17451,146.59749,142.52136,146.75252,147.81929,142.70961,142.595,135.70479,137.68741,147.33008,149.59483,147.4234,144.03152,,145.15126,141.51913,146.91788,142.3
ID149,1978-09-30,162.20222,147.46663,146.08163,150.93842,147.2308,141.75288,141.3865,135.67917,136.64363,147.7463,149.88582,148.61276,143.91714,,145.48917,143.94263,151.08792,145.4
ID15,1986-06-30,39995.984,32209.191,38617.65,31856.516,36592.46,34135.33,34206.016,27848.277,29909.377,37670.477,38767.516,36779.562,30057.076,,36516.566,37070.805,38392.72,37522.0
ID15,1986-09-30,38746.324,40133.254,36794.027,35351.355,36248.58,31983.064,32162.17,23699.043,26048.717,37930.12,39026.902,40762.43,29650.564,,36983.07,36603.676,38626.05,25991.0
ID150,1978-06-30,129.23679,117.73325,114.44479,118.56906,119.24232,118.71338,118.74546,116.40811,116.73013,120.43013,120.9149,116.591034,118.29788,,118.240944,118.90116,117.50495,118.0
ID150,1978-09-30,131.90735,120.26002,120.54544,124.35017,120.02179,120.88191,120.95436,118.528656,119.29681,122.55621,122.861275,119.81431,118.15025,,118.706055,120.59242,121.98288,122.0
ID151,1978-06-30,138.97495,126.86271,123.354004,126.79476,129.41544,127.434975,127.351715,123.87203,125.12311,130.11575,130.9248,127.30358,127.580986,,128.04095,126.60811,127.94014,126.1
ID151,1978-09-30,141.703,127.92692,129.53267,131.79495,129.7963,127.49993,127.64557,123.2516,124.44059,129.97554,131.4543,130.13234,127.49238,,128.50606,128.45755,131.77045,130.2
ID152,1978-06-30,2.5022342,2.052616,2.0447729,1.9035417,1.0692077,2.0178025,2.0145192,1.7944372,1.8546135,2.1643474,2.228347,2.0746667,2.2292836,,2.1864092,2.0866928,2.0450044,2.1
ID152,1978-09-30,2.597083,2.147209,2.0329344,1.8965561,2.7532287,2.0116682,1.9994323,1.8293072,1.8932903,2.1295624,2.1978924,1.9782434,2.2327192,,2.228648,2.0779607,1.7811892,2.38
ID153,1978-06-30,4.8557067,4.2545514,4.168251,4.247055,3.8505704,4.593956,4.6146564,4.0810037,4.136926,5.0007663,5.119896,4.310617,4.1207304,,5.754375,4.193787,4.341829,4.89
ID153,1978-09-30,4.4105945,3.5749352,4.047004,3.6836348,5.456999,4.368328,4.387268,3.7951376,3.9122276,4.8957973,5.0794544,4.1575384,4.0887403,,6.4287815,3.8159833,3.2997699,4.44
ID154,1989-06-30,124.04196,104.40002,99.9706,99.49719,118.86044,106.23891,106.63768,97.96076,100.59479,111.65302,113.20366,104.17605,113.44164,,120.62284,113.09294,102.622055,107.0
ID154,1989-09-30,130.64151,124.49968,114.77736,116.29227,119.87778,117.87104,118.02034,112.12971,113.47322,121.62628,123.8444,122.16313,112.895966,,122.018166,115.627396,123.17851,122.0
ID155,1989-06-30,128.28687,114.70207,104.950554,110.63533,122.992676,122.40168,122.35385,113.75991,115.95727,128.5763,131.44498,116.3124,118.705864,,129.65858,116.725624,109.96467,114.9
ID155,1989-09-30,134.92548,131.83478,125.49884,128.66379,123.97123,129.08188,129.43124,122.395515,124.5218,133.68445,135.54468,133.9609,117.946465,,134.86778,119.62431,126.886284,131.0
ID156,1986-06-30,124.137215,115.94147,113.85521,113.86583,115.787094,113.05463,112.93959,109.02361,110.01254,116.24689,117.07057,116.0004,110.29597,,118.32757,112.20908,117.36277,125.0
ID156,1986-09-30,123.35657,117.5636,116.33289,117.327896,115.0898,112.92238,112.70067,108.1243,109.07162,115.94791,118.35837,118.18802,109.90416,,122.04842,113.14366,120.50824,119.0
ID157,1988-06-30,716.1864,710.3807,695.8898,706.9004,700.18774,674.57855,673.1354,626.98315,637.4154,722.09045,728.6565,705.6632,625.4683,,686.57324,655.60754,689.27673,654.0
ID157,1988-09-30,716.2069,741.7925,680.4675,720.6354,682.82794,671.53064,672.45764,619.62054,627.0971,710.4924,726.2146,741.92706,622.5079,,693.0847,658.1835,690.6859,685.0
ID158,1988-06-30,119.07294,113.12167,109.66408,111.02576,112.36249,110.179535,110.40764,104.26099,106.62956,113.70647,115.336296,112.62277,105.33545,,110.94914,106.85803,110.35712,106.2
ID158,1988-09-30,120.49706,116.36208,110.51909,113.41253,111.774445,109.432495,109.36098,103.2462,105.11216,113.31684,114.07169,116.83033,105.052864,,111.50728,106.29669,111.509125,108.6
ID159,1988-06-30,1386.3253,1308.1604,1275.881,1295.9492,1307.8995,1269.877,1269.6306,1225.8627,1236.6704,1304.2695,1312.3998,1297.8518,1226.9087,,1283.5485,1267.2786,1306.4978,1302.1
ID159,1988-09-30,1396.9718,1339.1116,1308.9592,1334.2834,1287.1653,1268.4645,1268.2166,1236.8887,1240.8477,1298.5669,1308.9348,1331.4548,1224.3298,,1292.618,1284.1683,1345.6659,1326.1
ID16,1986-06-30,524476.3,510366.16,524567.3,492179.03,457682.5,474457.22,471335.5,384265.84,408953.4,537091.5,571304.25,475212.7,436076.2,,483360.0,486603.97,528584.56,562216.0
ID16,1986-09-30,537236.8,556722.75,546394.6,512462.2,472817.06,509254.0,518173.8,396132.22,407216.6,603793.6,634596.2,527160.25,435535.2,,499751.3,534466.2,553476.6,547908.0
ID160,1988-06-30,134.37506,125.13428,121.74777,125.79715,125.86852,125.03636,124.92453,119.767105,121.146904,129.54948,130.39116,125.8438,119.41428,,124.07174,120.94171,126.62944,121.2
ID160,1988-09-30,135.76001,127.58509,122.93771,127.8721,125.03,124.45454,124.96206,119.2113,119.72033,128.42838,129.69193,129.60565,119.223366,,124.87427,120.39344,127.128006,118.1
ID161,1988-06-30,218.44638,208.83841,204.80832,206.35054,207.19865,201.85281,201.87482,191.9215,193.10617,209.97534,212.36781,208.28012,192.64436,,204.65561,200.09158,208.7963,204.6
ID161,1988-09-30,220.69855,215.22556,208.48795,214.6287,204.98479,201.87843,202.46515,189.02014,192.74739,209.77469,211.2596,216.36864,192.04301,,206.42302,202.49417,216.28648,202.5
ID162,1978-06-30,136.72011,105.867584,105.16493,101.541756,133.68042,113.40195,113.91359,104.134056,106.52923,120.25426,121.464,106.34837,126.42811,,138.16379,114.25968,99.12367,106.0
ID162,1978-09-30,148.83482,140.21669,128.41486,134.8723,136.41264,134.32442,133.6266,129.48528,130.34837,139.72453,141.37439,141.4613,125.4932,,140.02422,130.06894,143.6434,139.0
ID163,1978-06-30,139.4951,105.01592,104.66824,101.93836,137.68596,110.992065,109.51477,101.51402,103.6677,119.73123,123.98485,103.20518,131.3608,,142.62283,107.422325,98.88362,105.0
ID163,1978-09-30,157.75484,146.19417,129.1294,138.75215,141.37904,138.56685,138.81976,130.81364,131.5806,144.17351,145.92163,146.20227,130.4046,,144.01816,131.9935,147.50882,145.0
ID164,1986-06-30,180.43816,162.13234,149.87045,168.26022,163.6728,157.93944,155.831,126.71531,138.28627,181.08284,188.27115,170.6308,175.21873,,163.12814,173.354,163.72903,142.0
ID164,1986-09-30,190.88734,168.17506,171.10742,195.40506,165.84343,160.51697,162.47147,116.86607,129.17337,186.23323,190.35251,191.32439,173.38916,,163.97292,182.87418,180.48189,99.0
ID165,1985-03-31,202.83145,184.89975,181.49539,185.19318,187.42407,184.10872,183.96022,171.67245,173.74117,194.09874,198.39346,184.30875,180.58983,,185.82036,186.3123,189.66972,182.0
ID165,1985-06-30,205.00204,193.16577,192.59482,197.24655,186.1419,184.04745,184.32452,164.51756,170.7663,195.22884,200.33423,191.86023,180.2897,,187.93228,191.033,199.1346,179.0
ID166,1987-06-30,73.29388,71.66134,70.00112,74.336296,68.730804,68.89617,68.996056,62.573704,63.99785,73.99256,74.75536,71.84338,68.010414,,70.16379,69.104294,69.55248,60.0
ID166,1987-09-30,74.46658,73.1978,66.510956,70.84856,69.290054,68.45321,68.40553,62.25106,62.917484,73.87121,75.448425,73.75334,67.81048,,72.024216,67.74294,69.36345,53.0
ID167,1987-06-30,269.03976,259.87106,250.95647,258.89636,254.96114,247.28323,247.7983,234.60983,237.6685,255.81642,257.74506,254.09023,235.4491,,252.86852,246.54904,255.25182,273.0
ID167,1987-09-30,267.55524,269.2063,257.2152,267.43683,250.56233,246.89624,247.32307,237.26073,238.65498,256.26227,258.68707,259.4346,234.73134,,257.05447,251.31902,265.20255,323.0
ID168,1990-06-30,6.5427647,5.9422183,5.918463,5.9295673,4.943783,5.8993397,5.8982353,5.8699703,5.876647,5.9209766,5.933773,5.9261484,5.8508196,,5.9216423,5.909114,5.9272966,5.91
ID168,1990-09-30,6.901456,5.9693475,5.934183,5.952246,6.575036,5.8958983,5.896798,5.862792,5.86747,5.918292,5.9205947,5.9573193,5.8481536,,5.940248,5.919319,5.957649,5.94
ID169,1969-12-31,111.07478,100.56308,99.60897,100.93823,102.25565,100.965866,100.97505,100.1503,100.33354,101.558,101.70131,100.55422,100.369965,,101.34095,101.66208,100.71414,100.0
ID169,1970-03-31,111.94848,99.39546,99.225555,99.42511,102.96473,100.50242,100.46045,99.57413,99.74682,101.250755,101.40286,99.78201,100.37614,,101.80606,111.20487,99.81965,98.0
ID17,1986-06-30,138027.03,127728.77,136411.39,134159.38,132982.53,130974.984,130995.26,124862.914,125329.82,134661.5,137753.1,132646.72,119708.72,,135836.16,133706.78,134781.81,130534.0
ID17,1986-09-30,138363.92,134451.16,142964.27,144563.47,131883.77,127300.23,128651.66,117665.8,120203.0,132222.02,133082.6,136401.28,119070.85,,139683.06,136468.03,143017.52,117287.0
ID170,1969-12-31,129.10863,120.67349,118.51504,119.286125,120.39236,118.56432,118.49971,114.16087,115.29384,121.987755,122.95919,119.18795,114.637566,,119.985115,114.419785,115.66399,118.7
ID170,1970-03-31,130.10239,122.768036,116.1979,117.711685,120.0727,117.700455,117.83733,113.4939,114.21865,120.84804,121.80805,120.56491,114.479294,,121.51997,125.08226,112.8909,118.1
ID171,1969-12-31,118.90583,108.69322,109.660255,108.40579,109.99721,107.92876,107.917465,106.215034,106.63233,109.242386,109.81645,108.876625,107.39051,,108.52457,106.894424,109.3006,109.2
ID171,1970-03-31,120.28998,109.363205,111.15209,109.5712,110.37821,107.66922,107.694214,106.016335,106.25575,108.856575,109.34927,109.68133,107.332115,,108.803635,114.77708,109.291306,109.8
ID172,1969-12-31,128.35965,120.05051,118.26385,117.81989,119.417564,116.75339,116.69476,113.35861,114.19281,119.456985,120.80218,119.21714,114.225945,,118.49009,112.87874,116.13772,118.7
ID172,1970-03-31,129.41406,122.290405,119.51367,119.20676,119.26262,117.38191,117.21429,114.21286,114.40247,120.16592,120.964615,121.29127,114.05511,,119.51333,123.513855,118.32217,120.5
ID173,1987-12-31,411.58246,368.2687,364.70547,380.02307,379.52676,368.10413,366.8509,349.0652,352.699,383.20926,387.73016,372.82346,379.10706,,375.897,368.61713,384.39676,378.0
ID173,1988-03-31,418.1593,369.61084,374.47952,387.06256,375.7016,368.5567,369.43793,339.8022,348.69824,385.7847,391.0701,370.94534,379.15796,,381.81036,374.9685,397.39395,408.0
ID174,1987-09-30,150.46565,143.0229,144.67436,144.96672,139.34364,137.3491,137.3901,132.6668,133.64177,141.24213,141.95024,140.9849,130.63911,,142.32756,149.56403,143.26938,140.0
ID174,1987-12-31,150.08878,146.33543,157.7431,152.61737,139.86745,134.69452,135.13898,127.94205,129.48212,139.41235,141.03326,144.57315,130.18224,,146.04843,157.61423,150.95361,149.0
ID175,1973-06-30,20.811594,17.773281,19.676275,20.587868,17.141289,21.026327,21.54291,13.096347,15.97989,25.591871,27.257765,18.215511,17.511251,,18.540949,19.491762,20.031685,19.0
ID175,1973-09-30,20.700487,18.51083,23.706146,22.320112,19.015734,24.988955,24.631535,16.904402,17.483555,33.299286,34.98707,17.696007,17.496975,,19.006058,19.418886,19.71285,23.0
ID176,1988-06-30,180.0122,161.22235,149.67969,153.85757,162.03122,160.9578,160.3638,133.35297,140.55699,182.3306,193.60936,168.46846,178.83896,,160.54095,168.65543,141.42764,147.0
ID176,1988-09-30,188.9301,167.50354,157.13788,164.00348,163.96542,163.9797,167.0116,126.42213,143.65424,185.52122,194.0909,180.87674,173.41885,,161.00606,174.4595,160.02,100.0
ID177,1987-12-31,201.90201,186.13098,189.18588,189.37488,185.82861,182.38625,182.27046,173.50386,175.60132,189.82213,193.95801,186.12332,174.66945,,183.56407,186.40125,190.73972,174.0
ID177,1988-03-31,202.95201,189.40152,203.96243,200.18791,186.42888,181.3135,181.68848,169.4078,171.65138,188.25392,191.40129,192.35762,174.2224,,183.98645,194.64307,204.3758,194.0
ID178,1978-06-30,21.360474,19.568697,19.133207,19.129717,18.766531,19.590294,19.595749,19.162704,19.235064,19.974188,20.079033,19.387024,19.47363,,19.346924,19.118906,19.07785,19.46
ID178,1978-09-30,21.718414,19.60263,19.1907,19.237122,20.214787,19.590456,19.563763,19.223429,19.28811,19.876396,20.025805,19.501106,19.458183,,19.359598,19.121824,19.258308,19.61
ID179,1978-06-30,3.2270844,2.6889513,3.041168,3.1469042,1.8957119,2.922274,2.9005847,2.4533687,2.522836,3.3544831,3.5445695,3.1287036,2.8511653,,3.0215342,2.967295,2.946197,3.03
ID179,1978-09-30,3.5014162,2.7284446,3.4344072,3.1110284,3.5615227,3.0860264,3.0885472,2.436469,2.5819378,3.4951081,3.6679025,3.1657226,2.8570573,,3.0975645,2.9000854,2.7436695,2.86
ID18,1986-06-30,40188.387,41347.184,36060.11,39910.273,38948.926,35058.06,34763.02,27671.986,30299.428,39795.31,40251.992,38382.715,32155.348,,39497.203,37611.57,41745.47,38135.0
ID18,1986-09-30,38311.848,45219.594,40163.21,44451.957,37490.83,31549.697,31218.344,22446.846,25028.613,38400.992,41047.453,40730.742,31686.342,,41192.055,39721.86,43975.098,23457.0
ID180,1978-06-30,402.04742,336.34555,341.97656,358.4532,361.62628,350.12558,346.60565,308.997,315.16608,390.85406,397.04996,363.58572,393.4976,,367.794,359.66782,363.81903,355.0
ID180,1978-09-30,418.19467,362.39172,351.68954,361.33078,362.26077,340.77383,334.64716,272.62466,286.95087,399.60675,412.58014,377.02222,394.57788,,379.62073,372.1068,378.45526,353.0
ID181,1978-06-30,1.9039066,1.649937,1.782598,1.4016874,1.1676011,2.004295,2.0399165,1.3556877,1.4784336,2.550394,2.671934,1.9684501,1.9406807,,2.5948508,1.8796587,1.8688033,2.4
ID181,1978-09-30,2.9928818,2.0240064,1.7726157,1.5471987,2.8543487,2.1909325,2.1772203,1.4793637,1.5876925,2.685664,2.928978,2.483689,1.9296008,,2.89052,1.8527796,1.6505435,3.9
ID182,1978-06-30,8325.532,7304.7495,7512.2925,7628.0503,7627.082,7477.6016,7471.205,7337.582,7374.3936,7598.8296,7629.6387,7465.676,7707.2144,,7516.3296,7651.363,7530.1064,7429.0
ID182,1978-09-30,8448.395,7499.2754,7560.781,7697.4243,7598.8154,7498.5913,7484.5586,7318.3076,7381.21,7638.0205,7690.078,7443.95,7712.255,,7571.2393,7734.069,7669.9214,7414.0
ID183,1978-06-30,1.1059078,1.0882192,1.0958139,1.0966733,0.011664689,1.0956073,1.0961448,1.0803865,1.0820558,1.1068949,1.1110328,1.1099004,1.1151164,,1.0956424,1.0885693,1.0936048,1.09
ID183,1978-09-30,1.2594291,1.1026999,1.1056528,1.1010876,1.6950188,1.0997012,1.0988172,1.0789411,1.0837847,1.1179388,1.1228468,1.1029643,1.1150956,,1.0998673,1.0895368,1.1097239,1.08
ID184,1978-06-30,65.628105,70.15226,53.278404,56.1763,65.80772,78.710724,79.44655,60.737736,63.288628,91.285324,93.748215,61.60451,59.645363,,77.794014,61.33023,46.965614,64.0
ID184,1978-09-30,69.97106,88.09764,49.649544,43.228188,64.74121,85.117744,86.15843,65.310875,69.68653,99.83968,102.07482,85.69736,58.460396,,89.620735,57.88733,35.01812,84.0
ID185,1978-06-30,92.38598,71.54657,81.92821,88.48653,74.71149,77.9993,77.71202,49.376595,60.131588,98.90893,102.59618,76.274445,88.66244,,80.409454,95.61836,89.13086,75.0
ID185,1978-09-30,91.28783,80.821335,86.65438,85.59183,77.979095,78.423515,76.74864,50.366943,59.156673,97.061485,111.57046,64.15088,89.26339,,85.06053,104.3349,69.57361,59.0
ID186,1978-06-30,401.3964,365.7434,365.67245,367.28888,372.23395,363.51715,363.45135,360.78052,361.4429,365.59467,366.14505,365.29346,362.28928,,366.1638,364.86865,365.47668,366.0
ID186,1978-09-30,404.53024,365.32205,366.28925,367.59436,370.09094,363.17227,363.23352,360.01114,360.58142,365.5915,366.90817,364.92264,362.14514,,368.02423,365.0171,365.73785,363.0
ID187,1978-06-30,9.06536,1.7717867,12.861235,13.270093,6.321807,6.189681,6.4133205,0.77614313,1.5804712,11.483514,11.945003,4.5436854,10.336296,,13.197128,14.509769,5.1818304,5.4
ID187,1978-09-30,11.46908,8.998568,19.195724,13.925383,9.574175,10.822058,10.700411,4.3044443,5.405484,16.709948,18.264742,13.402928,10.3024025,,17.463196,18.046242,11.423166,15.2
ID188,1978-06-30,8.137819,7.9601045,6.89052,5.5992713,8.862698,7.8317657,7.9842577,5.608327,5.957012,9.278596,9.486551,7.739579,7.542104,,12.263786,7.1360054,8.178907,7.6
ID188,1978-09-30,7.733228,6.367493,7.096719,6.7966614,10.259541,6.974237,6.973071,5.162027,5.4193473,8.797667,9.276834,7.3859897,7.480447,,14.124216,6.5207386,5.8464794,4.9
ID189,1978-06-30,67.93334,62.083817,61.793495,63.7108,62.320915,61.36313,61.425694,59.39996,59.78479,62.604694,63.118046,62.63271,61.315247,,62.603237,63.029533,62.996445,62.0
ID189,1978-09-30,68.75888,63.0982,64.727356,66.37574,63.26925,60.858757,61.03135,58.514446,59.37759,62.57016,62.964523,63.644695,61.256157,,63.20788,64.38804,64.904396,63.8
ID19,1986-06-30,598639.75,622415.2,553920.9,624275.7,521702.8,585884.3,595221.5,422528.66,465456.62,716036.8,735883.7,557984.4,436915.3,,574278.2,523552.56,667827.75,640404.0
ID19,1986-09-30,567120.6,695207.7,548377.56,649408.9,523637.7,612049.44,617815.75,440422.47,481948.66,727592.6,744222.0,624573.0,432262.72,,618928.06,549204.75,709263.6,564309.0
ID190,1966-06-30,220.24779,47.04657,181.12207,214.13316,113.54776,265.78876,262.10565,126.51832,153.25165,385.16782,413.78256,130.64941,238.73749,,208.7641,169.83852,248.14017,95.0
ID190,1966-09-30,177.59045,147.07379,150.69029,170.22722,145.09712,316.6025,318.52466,167.87427,203.01788,429.05753,453.02652,186.10597,140.50992,,279.72443,91.19791,206.84564,145.0
ID191,1970-06-30,90.13872,103.37034,122.88857,109.77018,75.33982,92.435135,93.48671,74.7291,77.07693,106.52426,111.72382,102.13183,77.86349,,84.81891,62.285995,92.03968,107.0
ID191,1970-09-30,87.02134,102.54825,111.456726,92.16907,76.85005,84.35512,87.69669,55.245792,61.178703,101.4593,108.25496,105.541695,77.33716,,94.121056,55.978264,81.96924,74.0
ID192,1989-06-30,97.68364,79.02475,93.78583,94.70695,90.917336,82.66982,82.48012,75.572876,78.026054,88.18479,88.53898,79.90732,91.669464,,93.692215,84.777855,75.07643,79.0
ID192,1989-09-30,104.03036,93.51115,99.48821,93.99803,93.77228,96.37332,96.44148,89.93318,91.34122,101.55379,102.27194,93.566315,91.35987,,94.959366,89.7436,92.57504,94.0
ID193,1987-06-30,565.7333,443.1299,507.39545,387.5764,537.5234,491.18826,490.48383,428.09164,454.70178,530.56,544.758,497.99323,561.6865,,594.20123,404.32025,491.7187,438.0
ID193,1987-09-30,608.97723,497.4368,446.46585,277.80267,542.0165,525.00385,526.4453,463.8395,479.44806,577.10675,587.62036,537.51086,552.6844,,648.26624,438.08154,486.02457,470.0
ID194,1985-06-30,115.89165,107.51622,105.82819,103.698975,107.45982,105.829666,105.80503,104.351974,104.52592,107.14702,107.419136,106.64824,102.94023,,108.17198,105.14043,104.80422,107.8
ID194,1985-09-30,116.08464,108.0807,105.27748,101.94974,107.67038,105.73959,105.79395,104.09352,104.433334,106.900116,107.35808,107.126526,102.85812,,110.125435,105.061714,102.35254,107.7
ID195,1985-06-30,43.82337,39.7873,40.182003,39.846527,39.62992,39.498524,39.502563,39.195415,39.235165,39.748383,39.835155,39.754036,39.975086,,39.92563,39.665142,39.85693,39.3
ID195,1985-09-30,43.927513,39.85365,40.260048,39.884468,40.970867,39.55062,39.55004,39.2443,39.309254,39.814655,39.879887,39.88981,39.982983,,40.09458,39.685436,39.91823,39.5
ID196,1985-06-30,1096.1553,1724.6831,1448.4828,724.7085,1362.6492,1661.8824,1628.341,97.82502,435.17435,2967.6326,3254.4146,1023.81226,1328.9604,,1966.7191,517.4418,1199.8811,2571.0
ID196,1985-09-30,1174.0962,1802.9148,2275.1833,878.4059,1277.5715,2274.9602,2110.862,600.4361,794.3648,3589.5146,3974.16,1351.4196,1324.0925,,2389.5015,2355.8467,989.51135,1158.0
ID197,1987-06-30,138.75963,130.77448,127.86073,129.73422,129.43246,126.35175,126.60601,122.717926,123.23619,128.94144,129.29405,129.40997,122.82235,,128.62283,126.516975,129.84949,129.0
ID197,1987-09-30,139.57172,133.73672,129.998,132.66919,129.0308,126.7075,126.89319,123.216805,123.83927,129.73738,130.2224,132.07648,122.59446,,130.01816,127.81787,133.28705,133.0
ID198,1985-06-30,1407.6099,1282.5098,1291.6025,1286.4467,1317.9982,1293.5165,1290.657,1258.0599,1269.0913,1321.445,1328.4015,1290.6681,1282.1453,,1289.1282,1281.4432,1279.5315,1304.0
ID198,1985-09-30,1427.2277,1292.2678,1307.5168,1291.5726,1309.764,1309.6417,1306.5967,1263.5333,1270.8557,1357.7999,1368.024,1296.007,1281.739,,1289.9729,1291.6157,1296.3242,1323.0
ID199,1985-06-30,94.40356,74.51794,66.071396,42.467995,82.68665,74.42468,73.28244,59.997326,62.376514,87.750725,93.89542,75.472824,98.47339,,96.186356,62.16768,63.785755,68.9
ID199,1985-09-30,104.81302,90.231255,67.00882,38.40455,86.09891,91.74683,92.608574,70.16518,75.75793,107.33387,109.27424,91.049965,98.84232,,107.63293,77.55271,66.47589,78.6
ID2,1987-06-30,279.66647,270.36188,268.53256,269.25107,262.1803,289.07898,288.37354,264.45605,270.3533,308.61154,323.67175,257.5451,254.29187,,304.02997,196.89932,260.26556,247.0
ID2,1987-09-30,272.44577,280.42328,284.01886,249.53668,260.01447,290.8265,288.43665,268.63492,275.64816,308.0897,320.45132,229.0804,251.50166,,338.44788,239.7183,275.60156,258.0
ID20,1979-06-30,138787.8,127338.99,126714.06,127457.414,129039.58,126320.5,126491.375,123911.22,124194.51,128004.6,128387.36,126904.89,126256.46,,125444.84,118519.6,127165.836,114609.0
ID20,1979-09-30,139451.22,127547.05,128185.88,127305.76,127176.66,127161.305,127141.766,124630.76,125259.01,129340.32,129841.98,126547.805,126132.016,,125545.305,109715.664,128980.16,115452.0
ID200,1985-06-30,54.448566,52.20147,48.024757,50.836945,52.77961,42.077915,42.036686,31.073635,33.787666,51.12814,52.7362,51.554813,43.52713,,52.551258,49.564075,47.25501,69.1
ID200,1985-09-30,54.777184,59.90611,53.74352,59.220963,53.012703,37.738926,36.962776,25.674215,29.532343,47.541805,50.61084,58.644623,43.070724,,52.889168,53.818024,56.251827,81.9
ID201,1985-06-30,890.9298,814.68024,803.3634,811.4518,832.66077,811.0397,810.07446,803.14264,804.1434,819.361,819.8504,806.16724,800.0111,,816.16376,815.2012,817.309,808.0
ID201,1985-09-30,902.86945,822.7916,818.3573,826.8037,826.42334,812.783,812.8001,803.7299,806.88934,819.0577,821.1369,817.48975,799.2466,,818.02423,821.6521,831.6354,813.0
ID202,1985-06-30,5.187775,4.3990035,4.915472,4.4242325,2.9698944,3.9691339,3.9896717,3.1251597,3.2096102,4.548605,4.7473297,4.4419575,3.325586,,4.2586656,4.311941,3.5921845,4.24
ID202,1985-09-30,4.2992783,4.4357176,5.3736897,4.258465,4.454217,4.015747,4.048097,3.1644502,3.3074288,4.4694934,4.636458,4.5432687,3.3042364,,4.584243,4.169599,4.6542854,4.2
ID21,1988-06-30,150454.1,145319.61,142125.86,142936.05,138954.48,144830.1,145263.67,126632.83,133561.83,156707.62,159106.88,140230.03,134759.9,,149260.56,143217.6,142886.33,149512.0
ID21,1988-09-30,152439.06,149528.0,140572.11,146756.56,139854.25,141353.7,140441.25,124184.125,127715.75,155406.66,157021.44,146208.14,134227.34,,158382.72,148976.0,143461.12,140471.0
ID22,2003-09-30,376.8808,407.77765,364.2475,363.6449,383.76312,369.38733,370.30548,338.52664,346.42947,393.4234,401.41992,392.32727,324.05328,,382.5656,349.1549,328.6438,367.94
ID22,2003-12-31,370.21283,437.21783,334.76508,351.04102,371.06683,365.89526,365.73175,332.28622,339.38043,391.09146,395.50595,420.97125,321.29156,,392.39798,343.3781,330.4544,365.74
ID23,1988-03-31,1165.6168,1030.3564,1304.3167,1025.4989,1065.0582,1116.0892,1138.4463,850.9273,903.8104,1287.6737,1367.4714,1068.9567,1245.7097,,1099.7347,1167.9506,1057.7646,1173.0
ID23,1988-06-30,1185.2887,1185.4722,1141.5934,1226.0989,1091.8706,1194.6864,1161.6887,930.4151,967.0426,1491.5121,1572.0457,1062.1207,1245.1746,,1136.4781,1328.5151,1164.6433,894.0
ID24,1988-03-31,1160.199,1015.4652,1274.8259,1348.3279,1121.4587,1220.4708,1209.7219,1002.8676,1070.2606,1377.1282,1426.0553,1031.0306,1281.4205,,1154.8444,1031.064,968.3269,989.0
ID24,1988-06-30,1244.358,1197.1029,946.25854,1343.6792,1149.2524,1335.259,1346.4469,990.81134,1060.5792,1602.8065,1753.0961,1077.3085,1285.3579,,1180.1873,1434.5973,915.8245,832.0
ID25,1988-03-31,1160.199,1015.4652,1280.0254,1335.0819,1121.4587,1240.5631,1243.0255,1042.7747,1068.5588,1372.4982,1469.1458,1031.0306,1281.4205,,1154.8444,1058.4738,969.81415,989.0
ID25,1988-06-30,1244.358,1197.1029,947.06274,1319.7266,1149.2524,1330.7065,1320.1575,1031.4384,1088.5571,1632.1974,1692.746,1077.3085,1285.3579,,1180.1873,1364.5103,884.977,832.0
ID26,1984-06-30,257.68826,219.9646,237.61552,245.91656,231.79137,231.75922,232.49225,199.4709,205.8933,256.51135,265.84323,230.43686,236.90161,,235.76666,260.2898,252.37335,205.95
ID26,1984-09-30,259.4961,216.12808,219.4066,244.80142,233.72498,243.90768,242.04532,205.22203,211.57695,284.22684,293.2003,239.79716,238.0915,,242.48746,270.31747,230.9851,263.79
ID27,1981-12-31,13.248219,13.422888,6.316362,7.176544,10.6249695,12.156338,12.356005,6.2964063,8.372217,16.389101,16.969484,12.894564,8.95903,,13.9342575,10.738998,7.7759633,6.2
ID27,1982-03-31,12.222095,14.693087,8.623522,10.323403,12.125099,14.791837,14.730235,10.772264,12.139145,17.439194,18.60241,13.980949,8.759913,,16.02724,9.302905,6.2206955,6.6
ID28,1984-12-31,100516.59,169293.0,103816.59,82130.375,98341.266,109652.875,108958.516,87910.586,94184.945,125423.78,128340.18,105066.914,89414.26,,91733.76,98743.17,90412.12,39744.0
ID28,1985-03-31,93125.836,119845.016,61406.86,66591.695,93366.695,84722.695,85522.68,64533.477,66588.23,103217.06,114954.9,79211.55,90448.766,,93849.53,98552.23,70872.695,76930.0
ID29,1984-12-31,1205.739,1114.8116,726.41437,888.2704,1146.0941,1035.8624,1029.5145,635.5348,718.4968,1318.9926,1382.3035,947.36633,912.42065,,1328.7922,1402.294,707.8183,965.0
ID29,1985-03-31,1293.7899,1354.7969,598.4542,919.22034,1156.7375,1210.1356,1212.9795,945.7949,993.2604,1424.8022,1468.5488,1180.0497,896.4864,,1462.7432,1210.0945,988.48645,724.0
ID3,2002-03-31,49308.76,53779.742,42373.125,51896.83,42496.023,47638.027,47820.08,44673.53,45293.31,49730.508,51316.723,52798.29,45601.46,,44735.938,47969.42,40432.64,45665.1
ID3,2002-06-30,49595.473,53801.188,37922.195,46911.89,41932.19,47992.61,47952.336,45424.816,45956.75,50152.508,50592.586,55730.113,45770.344,,48493.793,45218.086,39810.363,38440.7
ID30,1993-12-31,384.48108,364.8469,258.15424,322.6138,385.7138,338.9695,342.82803,263.7752,281.34875,395.03674,410.342,328.16003,373.2186,,383.40958,352.6529,313.5085,245.0
ID30,1994-03-31,398.08392,375.67438,357.70905,340.64447,372.59555,323.47073,327.15903,220.9154,250.4127,387.38547,410.21097,348.0775,373.33752,,392.702,333.66074,305.36972,344.0
ID31,1984-06-30,441.3919,418.0257,393.0572,454.04688,401.5252,426.22,436.18903,344.53436,361.07535,490.0684,514.8173,450.76022,349.92572,,447.6194,486.94962,424.97177,351.89
ID31,1984-09-30,455.0489,479.91946,433.62506,463.85666,414.05835,432.21423,433.42505,348.13696,370.61133,499.2218,513.2469,526.2063,347.47253,,476.74905,527.2951,470.15216,452.03
ID32,1984-12-31,94684.05,75903.03,89375.69,79939.43,85725.29,94069.48,92525.84,49162.746,54854.305,128362.14,141470.64,75029.2,97836.89,,91139.914,68872.06,98436.19,109062.0
ID32,1985-03-31,100056.375,85318.13,130457.17,114463.305,85944.73,126048.57,127443.88,71097.38,89365.2,164473.34,171333.77,87418.42,97838.625,,95114.54,76934.03,121423.19,159561.0
ID33,1986-03-31,1022.2536,962.3278,900.4876,913.3912,954.4679,954.11383,953.2806,910.5595,919.60297,984.00836,996.9656,958.03375,939.4617,,923.07666,927.1434,892.62103,889.0
ID33,1986-06-30,1015.5375,956.7294,877.3106,889.5429,935.69714,934.9446,933.4066,880.986,892.63513,979.3163,989.6958,899.2731,940.9034,,926.8781,925.3807,871.2512,870.0
ID34,1986-03-31,624.80695,126.86914,561.6663,564.68726,264.37366,557.23376,584.5725,12.212235,105.36361,1007.4554,1102.3473,528.2911,702.69543,,570.527,311.359,156.4873,523.0
ID34,1986-06-30,799.53033,717.7889,828.9655,546.636,418.602,775.15436,745.27277,67.261925,204.15736,1456.8235,1745.8416,1066.4955,728.3434,,728.92053,829.63245,886.9312,310.0
ID35,1922-09-30,22560.83,20843.742,20764.898,20495.027,21276.75,20434.01,20311.219,19123.125,19455.764,21504.922,22084.557,20910.242,19846.098,,21896.105,19804.89,19205.71,21589.0
ID35,1922-12-31,22296.773,21038.379,20384.96,21001.89,20905.758,20325.037,20299.465,18869.28,19250.26,21455.104,21762.266,21105.658,19756.629,,22794.693,19622.492,20016.703,21843.0
ID36,1921-09-30,311.45953,277.52774,273.13776,240.05765,298.07874,243.38828,236.56075,147.68082,168.75224,331.0178,360.36404,271.87216,240.3903,,318.21106,280.41013,216.56702,246.0
ID36,1921-12-31,295.74976,223.76302,218.3377,214.9315,284.73587,237.83777,243.41148,143.53976,160.81505,304.09842,313.13525,286.4597,238.86765,,343.32684,225.73038,269.70648,235.0
ID37,1986-06-30,17824.379,24963.004,20287.926,3633.5674,16035.24,22052.004,23005.047,7865.2754,13548.749,30227.459,32659.434,22415.836,22703.205,,22207.258,21093.469,12139.549,16684.0
ID37,1986-09-30,19215.988,26734.176,18308.816,6493.8633,14523.861,23979.865,23962.664,13540.845,15071.108,31925.143,33424.184,23406.168,22979.52,,29262.742,23782.93,13738.958,13260.0
ID38,1986-06-30,7685.4707,6949.0107,5180.216,5304.824,7258.2256,8615.067,8695.787,5906.9375,6301.413,10887.095,11512.517,5803.6074,8078.5234,,8528.625,5988.3315,4997.0845,8531.0
ID38,1986-09-30,8945.259,9917.827,4496.7764,9835.742,7776.38,9772.306,9869.963,5862.6514,7210.1323,12671.214,13417.122,7784.6035,8019.8633,,9099.687,9086.693,3556.741,10736.0
ID39,1986-06-30,180435.97,192793.77,123104.14,181028.47,186362.8,179069.23,180203.84,133559.36,140384.66,209020.47,224413.8,194279.66,193185.39,,184704.94,187072.72,153390.45,153842.0
ID39,1986-09-30,179756.34,199244.31,111398.28,197845.66,173482.25,178427.17,183155.45,108973.8,137887.8,211846.7,216126.64,182658.75,192096.25,,195740.12,164975.28,140763.6,165671.0
ID4,1986-03-31,690453.06,623792.56,676991.1,673673.06,626845.7,652930.9,654630.0,549949.25,584745.56,717109.06,728300.1,636656.0,564767.1,,662714.1,677279.7,665461.4,711326.0
ID4,1986-06-30,706073.9,680170.6,702936.44,689286.25,640756.5,648725.44,658604.4,533229.56,555957.94,721187.56,731931.8,683457.44,560856.9,,686950.4,705576.9,669655.06,654071.0
ID40,1986-06-30,13604.617,11455.48,14226.783,12353.33,13881.361,14665.791,15017.748,9457.038,10793.949,18154.854,18750.441,13390.306,11022.843,,19096.988,13802.556,13346.752,29028.0
ID40,1986-09-30,14212.387,15234.729,13321.146,15508.0625,14377.3955,15058.635,15087.064,10462.789,11115.583,18588.059,19315.832,15578.079,10681.67,,22623.898,16397.797,14135.836,16464.0
ID41,1912-09-30,16879.84,30556.574,14080.64,12685.988,18020.32,28684.791,28742.578,21802.48,23071.783,34646.21,37268.727,27464.105,22593.389,,16050.988,17946.908,13491.408,13506.0
ID41,1912-12-31,18639.625,28447.01,12649.808,16070.072,16202.203,27984.03,27826.2,20554.121,22214.527,33555.863,34659.47,28029.287,22531.7,,17273.787,18480.186,10078.944,10687.0
ID42,1989-06-30,2254.5217,1845.1912,1695.6311,1788.3682,2169.2458,1898.6313,1888.7986,1760.7717,1793.8326,2011.6134,2060.461,1843.0583,2108.1455,,2190.6648,1673.156,1833.3424,1787.0
ID42,1989-09-30,2416.1353,2291.5715,1738.9514,2229.3384,2170.2002,2142.997,2141.17,2021.5663,2048.4744,2228.288,2236.617,2288.6462,2090.7483,,2218.1196,2000.655,2279.8108,2259.0
ID43,1989-06-30,138.31818,121.25467,108.55075,114.427826,131.8591,124.44592,124.67113,116.968315,117.92486,129.82248,132.46284,115.93446,124.57487,,131.56407,131.56741,124.63924,120.0
ID43,1989-09-30,145.32153,140.71275,128.62723,144.74371,132.72168,130.9421,131.54657,124.467514,126.02626,135.79543,136.64775,140.86691,123.857,,131.98645,135.24675,142.18811,137.0
ID44,1979-06-30,83.77492,70.4344,65.62279,70.239944,74.11865,78.75877,79.40452,64.22477,67.63189,87.40881,89.22534,77.14334,71.8099,,81.9504,78.524025,61.789192,66.0
ID44,1979-09-30,86.204056,77.4285,81.30841,82.78716,76.58222,92.23074,92.79195,75.02068,80.94112,101.67714,103.37217,90.39878,71.26362,,87.06658,80.72092,79.34783,77.0
ID45,1979-06-30,2.2286158,1.7929991,1.8044344,1.763027,0.7184383,1.7371057,1.7336056,1.6607313,1.678529,1.7956918,1.8212425,1.7584447,1.7340827,,1.7908232,1.8411623,1.799665,1.79
ID45,1979-09-30,2.428783,1.7989514,1.7906246,1.7926452,2.3892214,1.6970525,1.7015672,1.5738269,1.6056452,1.7812065,1.802058,1.7965688,1.7309753,,1.8001269,1.8358916,1.8441055,1.78
ID46,1989-06-30,102.54552,85.253746,81.97185,91.6227,98.824165,95.01948,94.58278,87.40763,89.434975,101.56156,105.45714,87.80788,96.63831,,105.868515,93.84201,89.234344,85.0
ID46,1989-09-30,108.450615,100.75436,102.25005,95.228424,100.82189,104.32318,104.22153,94.6974,96.18037,111.698746,113.48532,101.40781,96.01447,,110.054474,100.305695,102.70106,94.0
ID47,1972-06-30,110.43717,87.138535,96.57473,95.22067,108.227806,88.87539,88.82567,82.70925,84.2563,92.61811,93.7604,88.06679,103.79468,,110.303,96.82462,83.3981,88.0
ID47,1972-09-30,121.156494,114.54901,111.43742,95.957855,110.60511,105.574585,105.18717,99.00786,100.30747,110.696045,112.63718,116.17601,103.12279,,110.278915,97.71932,110.414406,113.0
ID48,1972-06-30,123.63592,108.67675,108.585205,109.775345,117.94623,113.274796,113.236176,107.18618,108.374405,118.01049,119.87774,113.25212,108.36626,,126.65513,111.31436,106.87528,111.0
ID48,1972-09-30,124.84615,110.50822,112.2623,114.53935,118.2245,117.986435,117.649185,112.81665,113.797295,122.37996,123.23284,117.09165,107.67373,,134.09685,111.75653,113.57058,117.0
ID49,1972-06-30,19.332773,15.818544,16.140093,15.9718275,18.346436,14.531448,14.434286,12.328389,12.856831,16.493866,16.984468,15.631208,18.337362,,19.869223,16.133497,14.846209,14.7
ID49,1972-09-30,22.523344,21.217407,18.736464,19.409454,20.40092,19.192905,19.11632,16.990252,17.365215,20.746298,21.632378,20.876617,18.156328,,19.99594,18.047497,20.239193,22.1
ID5,1986-06-30,598.6297,622.389,553.90027,624.25244,520.5992,577.8246,576.6166,443.01746,472.02634,681.1775,708.26556,557.9744,436.91986,,574.2807,523.56647,667.80286,640.4
ID5,1986-09-30,567.12885,695.16907,548.3316,649.38495,524.2216,610.9981,619.7102,432.64075,489.979,731.012,745.9054,624.5552,432.2671,,618.93097,549.21497,709.2218,564.31
ID50,1972-06-30,195.05106,187.76675,175.38928,195.26013,190.15149,179.76346,179.02168,167.15201,170.43138,188.53253,193.4784,184.51091,182.05276,,186.0819,186.71541,195.64706,190.0
ID50,1972-09-30,195.55907,190.51321,181.30933,186.06635,187.57837,166.72603,169.35083,138.87236,148.94695,181.94229,185.2528,185.20132,181.93118,,187.01212,186.9521,177.93123,197.0
ID51,1977-06-30,33.807323,34.40236,30.978437,27.619255,31.691404,32.20618,32.07237,29.475033,30.17592,34.42644,35.598587,33.575497,28.785753,,34.70473,31.897097,29.585209,28.0
ID51,1977-09-30,33.056156,36.767796,33.691887,31.291811,32.402523,31.479637,31.591217,27.907072,28.54514,34.255516,34.655155,35.46495,28.53741,,37.030266,32.21386,31.791971,26.0
ID52,1977-06-30,39.98325,40.378994,34.472565,30.34318,36.7618,36.708984,36.740894,31.969177,33.616272,39.515762,40.53149,38.960022,32.536884,,40.78662,37.131413,33.79499,39.0
ID52,1977-09-30,39.61792,42.47982,36.87931,34.51738,37.20385,36.830418,36.631294,33.648777,33.876095,40.10313,40.656693,41.324165,32.21162,,44.042374,37.491123,36.081238,45.0
ID53,1977-06-30,78.720856,71.53708,71.07078,62.8496,73.9254,74.93244,74.867584,66.262825,68.89614,81.49571,82.97686,70.937614,69.25801,,82.573235,70.09434,66.56527,74.0
ID53,1977-09-30,79.369255,82.24909,76.55832,72.734634,74.73029,75.99156,75.64493,69.546524,70.524536,82.93362,84.70614,83.5136,68.64324,,89.08474,71.93053,70.88052,88.0
ID54,1977-06-30,114.66291,109.90783,92.98594,79.675125,108.47036,109.8702,109.829956,101.0108,102.82951,116.342026,118.24025,108.63402,103.53136,,115.573235,105.35594,101.73945,112.0
ID54,1977-09-30,117.08228,123.05223,104.198944,104.45977,108.09666,112.74519,113.1599,103.89982,106.45752,118.57665,119.86232,121.58384,102.76971,,122.08474,107.623726,111.70609,128.0
ID55,1986-06-30,962.0142,842.92535,821.9751,805.193,932.4365,893.1778,889.00574,840.5746,847.4568,935.4357,947.0432,850.2893,886.6834,,937.22833,887.2439,880.77277,536.0
ID55,1986-09-30,996.1901,942.12506,929.004,942.2951,926.00476,916.69934,921.32294,877.02637,887.4556,944.95404,949.4583,933.58185,882.44434,,951.1816,914.20514,956.478,769.0
ID56,1991-12-31,111.21202,97.20318,102.13452,95.84756,96.7302,103.88182,103.478,97.594055,98.69829,109.416435,112.864105,100.390366,97.89962,,95.06407,101.1642,100.98139,104.3
ID56,1992-03-31,108.852036,96.45845,102.089806,94.69995,97.72113,99.97472,99.80943,90.17124,93.066216,107.4949,109.744576,92.09321,98.37482,,95.48646,96.48756,96.26338,98.9
ID57,1986-06-30,3989.5015,3882.1597,3990.2017,3743.8274,3480.315,3434.5222,3423.5178,2814.0852,3001.647,3895.0085,3997.9924,3614.7864,3317.067,,3676.7312,3701.2976,4020.7344,4276.56
ID57,1986-09-30,4086.5679,4234.7764,4156.244,3898.0774,3597.1145,3865.619,3843.4756,3042.6572,3225.2026,4571.906,4811.541,4009.9707,3312.952,,3801.4126,4065.4207,4210.081,4167.73
ID58,1985-12-31,962.37164,988.6791,862.2374,967.1199,819.415,906.2483,904.59033,850.4623,861.2732,952.0364,960.93677,956.0326,889.62854,,854.58704,853.0751,968.4197,895.13
ID58,1986-03-31,964.04315,984.1523,860.6706,929.7184,811.2215,917.51324,920.77356,863.34155,879.6675,960.85364,966.3886,992.66504,889.18506,,916.9307,767.2594,994.09686,845.13
ID59,1987-09-30,150454.1,145319.61,142125.28,142936.05,138954.48,142796.8,143132.33,122906.35,129412.46,155341.22,162676.22,140230.03,134759.9,,149260.56,143217.6,142886.33,149512.0
ID59,1987-12-31,152439.06,149528.0,140572.72,146756.56,139854.25,140501.2,140496.94,120501.38,125285.07,154024.36,158566.39,146208.14,134227.34,,158382.72,148976.03,143461.06,140471.0
ID6,1980-06-30,30.699236,19.14136,18.820852,13.570252,29.674427,22.437063,21.37495,9.394586,11.185244,32.523617,35.01246,19.607368,26.223919,,35.943356,16.653454,17.263144,18.2
ID6,1980-09-30,36.877556,26.634468,20.288555,16.253574,32.870914,26.297932,24.915062,17.075287,18.168434,36.402306,38.709496,27.319786,25.788528,,39.195705,16.73748,22.928211,23.3
ID60,1989-06-30,158.10185,147.30922,152.70325,152.49062,146.37729,142.27397,142.08235,138.72948,139.47112,144.79199,145.90219,144.90977,139.06848,,147.78662,144.4108,149.11728,161.0
ID60,1989-09-30,157.47963,148.40161,165.63544,156.86032,146.44193,140.30988,140.1778,135.52315,136.5785,143.93251,145.95915,145.68747,138.81065,,151.04237,147.37332,155.33981,191.0
ID61,1989-06-30,129.11511,119.10149,117.02478,120.18835,119.89742,117.99502,118.0679,114.82906,115.52681,119.794205,120.861374,119.26915,116.273636,,119.081894,118.3855,119.64766,117.0
ID61,1989-09-30,130.84946,120.08174,120.934525,123.77435,120.1668,117.22135,116.97346,114.83461,115.14332,119.324715,120.09665,121.34578,116.16136,,120.01211,119.674835,122.010445,112.0
ID62,1989-06-30,101.93567,85.67608,100.973526,91.2581,90.98553,91.09697,90.96586,87.38156,87.815254,94.86035,95.50558,90.47531,97.70924,,92.82036,90.75986,87.650085,91.0
ID62,1989-09-30,103.87932,91.73499,106.08918,90.47837,93.04039,92.1158,91.94798,85.84301,88.05106,96.88712,98.625916,91.277084,97.87969,,94.932274,91.39502,96.21097,97.0
ID63,1987-06-30,19.767187,18.524403,18.475227,18.66757,17.741919,18.213322,18.193153,17.96247,17.995577,18.44662,18.574892,18.400225,17.93552,,18.354097,18.576387,18.655296,17.7
ID63,1987-09-30,20.144556,18.568766,17.889416,18.21673,19.16614,17.846006,17.85249,17.378298,17.463984,18.221895,18.331036,18.444414,17.933813,,18.400608,18.268505,18.302404,17.5
ID64,1988-06-30,137.60571,126.33922,126.69031,128.21283,127.32758,124.476326,124.25125,121.96587,122.7112,126.2412,127.54059,125.31735,123.30365,,125.303,126.28662,128.98575,125.0
ID64,1988-09-30,139.29832,125.915634,127.2359,130.26866,127.61338,124.322586,124.25788,121.13985,122.22563,126.2785,127.449936,125.38296,123.21384,,125.278915,127.538284,131.12689,118.0
ID65,1979-06-30,186.4083,171.99126,166.32365,169.26334,173.25195,169.87315,169.9889,166.1756,167.18481,172.44469,173.15044,172.03133,167.24385,,170.60323,148.90242,171.08609,170.8
ID65,1979-09-30,188.68546,173.78514,174.23631,171.46802,172.86252,169.40912,169.40784,165.78163,166.71416,172.24884,172.73636,174.21687,167.09149,,171.20786,161.3742,170.26013,164.2
ID66,1979-06-30,90.60835,83.61922,83.33795,82.23477,83.66246,82.071754,82.2173,80.64548,80.92016,83.280945,83.51605,83.84571,81.228806,,82.92457,73.12356,82.32904,83.1
ID66,1979-09-30,91.86033,84.52482,84.99175,83.13573,84.34392,82.01339,82.06441,79.99094,80.3954,83.5105,83.88603,85.15371,81.15482,,83.203636,79.317,81.488266,78.1
ID67,1979-06-30,169.02211,157.24757,160.41306,156.08212,158.08318,154.48285,153.5681,149.31982,149.83202,160.53949,162.59003,157.20372,151.24556,,156.09828,134.67198,159.85443,164.3
ID67,1979-09-30,171.39696,159.81174,166.12262,159.35275,157.17865,153.20728,153.11719,147.64412,148.77296,158.02261,158.72197,160.38573,150.9795,,157.21454,145.44447,153.72232,168.4
ID68,1980-06-30,31.38639,23.368757,29.439816,28.365458,26.001114,27.315475,27.29111,24.849295,25.3817,29.182652,30.02432,25.991722,29.826654,,28.043726,27.506243,30.014668,30.11
ID68,1980-09-30,30.480806,25.477974,28.261679,28.038403,27.388977,28.055407,28.140648,24.269382,25.0883,30.586334,31.275927,24.963535,29.946873,,29.716364,27.46403,28.54312,26.56
ID69,1980-06-30,69.34321,60.017868,46.528442,55.3595,62.28553,66.079506,65.91539,54.82533,57.300507,74.536575,76.84482,51.660538,79.315155,,72.73438,47.40265,47.95938,55.32
ID69,1980-09-30,72.56477,66.933395,42.722736,54.76828,62.182392,68.99764,68.58952,57.790344,59.02252,80.03075,83.280106,47.49662,76.938324,,82.98139,42.18009,57.3606,51.81
ID7,1989-06-30,157.48741,152.97813,125.21742,156.37465,147.59949,153.98404,153.01187,134.79752,138.587,169.26427,173.94084,154.21774,145.88335,,154.49124,140.82278,132.13467,125.96
ID7,1989-09-30,166.45723,157.81064,152.74771,166.49957,150.85867,171.97496,172.86557,150.79161,152.47531,187.49672,193.12575,170.62,145.9632,,159.33301,155.44887,143.1096,160.31
ID70,1980-06-30,113.295135,106.98797,101.308205,99.29465,102.19711,103.74661,103.63843,96.828735,99.04168,108.70894,110.60095,105.15642,95.98434,,102.70647,95.26283,100.568504,108.6
ID70,1980-09-30,113.151985,106.53473,106.34924,97.43048,103.72497,103.27309,103.75115,95.30797,98.29291,108.007675,108.764626,107.61095,95.082146,,103.91575,100.38508,100.74464,102.5
ID71,1987-12-31,180.46371,165.56058,164.0359,167.9055,167.50461,164.04515,164.04611,160.21844,161.53928,166.55219,167.1854,165.41846,161.54277,,164.54095,163.92995,167.51385,166.0
ID71,1988-03-31,181.81142,167.4458,168.89977,171.63188,166.7923,163.39748,163.15308,160.17662,160.9931,165.92592,166.4837,167.19608,161.38336,,165.00606,165.81592,171.30443,169.0
ID72,1978-06-30,132.77988,125.67135,108.57706,116.701035,123.64967,120.82171,121.08125,117.336975,118.02029,123.12126,123.59812,124.16471,116.33721,,123.478546,138.82063,118.27663,123.74
ID72,1978-09-30,136.37253,129.11832,111.50001,119.34593,123.22913,120.57607,120.59059,117.37149,117.80649,123.01298,123.31813,127.31325,116.05422,,125.2227,146.5135,110.20464,125.04
ID73,1978-06-30,132.46564,125.35028,109.05007,115.38644,123.613655,121.03676,121.03189,117.25923,118.768394,123.58967,124.363106,123.87353,116.67533,,122.922844,139.42656,117.83905,123.1
ID73,1978-09-30,136.11876,128.58566,112.149826,118.811485,123.11853,120.70033,120.56883,117.02816,117.83634,123.161545,124.76098,126.86322,116.40965,,124.31817,146.92958,111.15291,124.4
ID74,1978-06-30,135.75299,131.41516,108.2691,117.59165,127.58006,125.207535,125.05686,121.25711,122.124306,128.71796,129.55249,129.29529,117.999016,,128.21292,143.5359,118.80235,130.1
ID74,1978-09-30,139.5336,135.8902,108.48679,121.44976,126.98877,124.80345,124.50512,121.02131,121.87833,128.01436,129.28596,133.98877,117.58834,,130.63148,153.24588,110.99036,131.9
ID75,1978-06-30,135.07668,128.78893,109.050064,116.42274,126.3722,123.47933,123.401184,120.222115,120.626625,126.250595,126.57956,126.933174,118.49145,,126.109695,141.81842,118.242516,125.9
ID75,1978-09-30,138.8559,132.56355,110.72216,120.58214,125.77079,123.001884,123.25248,118.69976,119.93306,125.889824,126.09877,130.16617,118.184685,,127.923615,150.3266,108.62247,127.3
ID76,1978-06-30,1293.231,1177.4324,1107.8082,1121.2418,1192.7896,1154.7524,1153.3452,1133.6771,1139.8431,1171.4225,1177.3142,1174.6428,1141.594,,1166.7095,1339.881,1127.8138,1155.2
ID76,1978-09-30,1338.433,1192.9642,1135.7809,1118.753,1177.1404,1157.4459,1157.7134,1134.0112,1138.5427,1171.8477,1184.4514,1186.0557,1140.5032,,1171.3606,1380.2483,1127.501,1180.8
ID77,1986-06-30,11980.565,11163.074,11204.008,11106.74,11294.426,11017.853,11019.555,10836.217,10885.686,11178.64,11202.649,11075.829,10735.712,,11085.241,10770.771,10971.08,11176.0
ID77,1986-09-30,12072.356,11339.486,11155.339,11287.684,11160.963,10958.888,10960.299,10653.039,10800.856,11161.563,11241.249,11203.576,10718.743,,11144.774,10772.636,11135.449,11324.0
ID78,1986-06-30,12779.011,11914.817,11621.864,11984.156,11973.813,11848.845,11839.188,11618.758,11682.561,12014.922,12117.052,11791.565,11678.961,,11809.172,11831.413,11879.666,11696.0
ID78,1986-09-30,12952.147,12171.591,12159.548,12580.168,11858.609,11867.286,11888.707,11593.598,11659.389,12067.769,12120.548,11870.877,11664.084,,11913.355,12077.799,12237.602,12040.0
ID79,1986-06-30,85533.01,80348.8,78587.984,81132.72,80919.72,78430.98,78601.484,75820.94,76673.01,80055.31,80392.78,79956.12,76371.46,,79169.27,75953.36,80034.06,80256.0
ID79,1986-09-30,86212.664,81997.33,79907.64,83477.91,79508.74,78241.586,78392.484,75410.695,75924.234,80199.055,80756.38,81633.06,76242.734,,79638.1,76732.86,82444.99,82500.0
ID8,1986-03-31,3874.6323,3965.665,3741.541,3421.221,3653.3533,4166.3906,4176.328,3624.0564,3725.9238,4549.2026,4772.995,4975.397,3317.2363,,3809.8901,3093.022,3383.4448,3831.0
ID8,1986-06-30,3417.6128,2674.5986,2337.243,2647.558,3478.1128,2488.81,2485.016,1611.5979,1837.4762,3162.025,3263.2925,3925.2349,3400.5793,,4267.3306,2423.1167,2163.6387,2715.0
ID80,1986-06-30,28025.676,26454.566,25643.074,26356.168,26409.992,25641.2,25590.258,24876.5,25073.69,26215.8,26440.469,26203.883,24814.818,,26069.762,25468.48,26432.293,26199.0
ID80,1986-09-30,28200.781,27081.01,26531.604,27177.648,25972.89,25604.375,25611.344,24784.648,24901.92,26398.219,26613.184,26755.768,24766.443,,26385.104,26013.52,27334.75,26860.0
ID81,1986-06-30,8933.343,8200.909,8128.123,8270.421,8303.707,8142.505,8147.0234,7736.35,7858.587,8408.976,8512.233,8106.53,8009.304,,8105.7695,7985.531,8284.539,8049.0
ID81,1986-09-30,9026.548,8492.881,8456.3,8742.42,8198.229,8140.0835,8132.038,7862.6313,7900.0234,8398.671,8436.925,8336.463,8002.458,,8120.1875,8261.74,8695.103,8641.0
ID82,1986-06-30,62828.734,61394.46,59644.344,61027.184,60398.83,59073.43,59131.38,55972.484,56689.973,61568.992,62296.33,60786.44,55575.637,,60558.617,56794.64,60375.418,60869.0
ID82,1986-09-30,63351.668,63585.773,61446.906,64426.734,59234.46,58727.875,58791.766,55295.35,56320.18,61080.492,62067.93,63280.285,55334.652,,62013.938,58359.51,63953.383,64887.0
ID83,1986-06-30,14522.352,14342.635,13762.221,13842.9,14140.971,13797.685,13795.152,12982.359,13103.276,14520.479,14730.962,14382.78,12774.924,,14540.018,13720.793,13946.997,14691.0
ID83,1986-09-30,14701.107,15032.617,14776.884,15094.111,13900.624,13831.574,13776.854,12923.023,13129.928,14548.326,14773.018,15176.711,12699.928,,15119.541,14249.171,15014.098,15203.0
ID84,1979-06-30,191.71579,186.77483,178.32724,183.9408,182.66815,178.79425,179.2296,170.69534,172.7283,185.151,186.4958,183.37723,166.9665,,190.9008,176.34201,178.94124,190.0
ID84,1979-09-30,187.86635,182.89767,173.99619,178.01471,179.66707,177.92451,177.89954,168.54312,171.61256,184.57268,185.67697,182.32697,166.27777,,201.13315,162.84407,169.54796,179.0
ID85,1986-06-30,159.13501,134.97496,126.83408,134.84966,154.88278,140.71042,141.02405,131.23544,132.99178,149.45016,151.3176,135.9313,142.455,,160.95041,151.6603,138.23761,131.0
ID85,1986-09-30,166.97473,157.13538,157.36456,167.94867,155.26819,153.35527,153.3327,145.7382,147.2197,160.68723,162.02943,155.79532,141.30733,,166.06657,156.37402,163.71365,134.0
ID86,1981-06-30,149.55331,140.91136,147.06906,171.9923,146.25546,142.36784,142.16867,131.58357,134.59268,148.80252,154.10164,139.25676,123.37584,,170.63782,166.74857,131.5256,186.0
ID86,1981-09-30,151.3869,148.41205,149.98483,176.58153,147.35117,144.63017,145.0784,134.46364,137.24382,151.55072,154.70238,154.1037,122.00297,,189.2421,176.04428,174.27066,245.0
ID87,1986-06-30,42050.3,39064.676,38479.07,38892.484,39381.78,38360.777,38358.01,37642.207,37752.707,38946.984,39267.492,38870.918,37505.93,,38886.723,38263.316,39004.957,38268.0
ID87,1986-09-30,42411.95,39630.996,39333.33,39964.19,38911.477,38251.52,38242.086,37548.42,37623.42,38955.746,39002.613,39488.656,37446.47,,39281.133,38872.5,40030.215,38652.0
ID88,1972-06-30,120.596176,97.81283,96.648285,93.891594,116.277,100.60916,100.835014,93.08924,94.3825,106.36785,107.527794,96.78852,110.241684,,118.081894,106.69238,94.591324,98.0
ID88,1972-09-30,128.84206,121.28275,112.555084,120.67876,117.80851,115.20646,115.17578,109.14166,111.03477,119.2839,120.33675,121.186775,109.42882,,119.01211,111.539604,124.09828,121.0
ID89,1987-06-30,17.989283,16.459587,16.426706,16.61988,15.691342,16.392353,16.344978,15.385291,15.642128,17.2031,17.380182,16.956528,17.061386,,16.716381,16.832813,16.057364,17.8
ID89,1987-09-30,19.28519,16.869951,17.344069,17.8198,17.413193,16.397583,16.333706,15.436752,15.644002,17.293674,17.41298,17.551527,17.021578,,16.902426,17.371908,16.428776,19.3
ID9,1988-06-30,12265.251,10571.837,10184.018,9676.695,12333.411,11227.154,11184.496,9930.101,10277.971,12288.088,12663.42,10806.441,10724.612,,12208.118,9456.685,9488.418,10433.0
ID9,1988-09-30,12487.856,10965.015,10684.988,9603.665,11999.973,12004.819,12054.615,10973.762,11147.882,12771.631,12992.123,12205.009,10659.477,,12340.747,8854.636,9429.834,12770.0
ID90,1988-06-30,18.072182,16.99667,15.900591,17.137882,16.076387,16.566542,16.594791,16.13549,16.248636,16.857393,16.901892,16.691103,16.186592,,17.070477,16.976887,16.984266,18.1
ID90,1988-09-30,18.748451,17.412468,16.864393,17.891033,17.548204,16.772224,16.747343,16.478867,16.554718,17.010487,17.067047,17.06099,16.143522,,17.303032,17.111433,17.558289,17.3
ID91,1980-06-30,9.968604,6.465267,6.1907625,6.7095146,5.187374,7.1500926,7.1725216,5.0126877,5.525051,9.116341,9.442187,9.255427,5.762927,,6.9794035,6.616745,5.6800337,7.7
ID91,1980-09-30,7.412615,4.6221657,4.576388,4.820665,6.391817,4.6068573,4.581993,2.8432283,3.2246678,5.9738646,6.409558,6.621499,5.8205314,,8.162076,5.765038,4.0458493,4.5
ID92,1980-06-30,34.2339,32.248497,30.14836,26.044868,33.265244,33.332226,33.081535,29.658663,30.587599,36.507862,37.338264,32.284077,27.439453,,33.712814,29.791859,20.644808,34.6
ID92,1980-09-30,33.516823,36.176178,29.3597,23.542324,33.976738,33.15248,33.213104,29.4149,30.35434,35.443737,36.954803,35.772816,27.121756,,33.797295,32.827858,20.813446,31.3
ID93,1980-06-30,155.95581,134.29172,154.70651,171.77914,141.35506,127.56228,124.78959,62.3717,82.05868,181.43959,196.4583,153.0147,178.66234,,167.55727,101.37396,155.98857,226.7
ID93,1980-09-30,175.7903,147.75519,200.38522,225.69507,137.27637,160.23653,159.0485,85.49779,96.70685,223.80232,248.97989,219.85896,178.4602,,191.3374,90.529175,206.0157,273.5
ID94,1980-06-30,43.44558,37.644184,34.123146,31.431587,40.578503,42.350994,42.82164,36.44169,37.724415,46.083424,47.622623,37.408756,40.042576,,43.79725,35.90418,23.005207,37.8
ID94,1980-09-30,47.70977,37.873127,39.44133,29.276402,41.55166,45.581257,45.412586,41.855064,42.186886,48.796505,50.13319,42.570778,39.929634,,46.416023,34.850533,33.442554,31.5
ID95,1980-06-30,59.20821,48.33345,48.705368,44.764652,53.981518,53.301834,53.180794,45.539974,46.89605,59.560127,61.383644,55.717342,51.791298,,57.007545,43.437256,33.439716,53.3
ID95,1980-09-30,61.78189,53.129227,48.084435,42.170418,55.78181,53.135567,52.772717,46.95529,48.141296,58.55932,59.852165,59.25747,51.61097,,59.034985,44.862778,44.11428,51.9
ID96,1980-06-30,467.90887,515.5954,490.3512,551.15906,497.50098,464.60452,463.53436,419.50012,428.79324,508.60776,520.0393,501.4125,423.13794,,508.35822,436.95526,505.43665,544.5
ID96,1980-09-30,442.3208,532.85596,392.703,460.69934,471.1581,442.0671,440.26315,394.6531,402.2364,489.25583,494.88168,507.79218,412.90186,,537.98553,428.9184,478.083,326.3
ID97,1980-06-30,1022.87427,1198.1915,1083.8578,1120.523,1084.5437,1056.5425,1067.0388,945.745,962.0033,1134.5457,1141.4403,1142.9606,849.7121,,1151.9835,1025.6877,1059.2815,1138.9
ID97,1980-09-30,987.12305,1327.1935,1087.0383,1151.8524,1041.5997,1053.0785,1046.5176,954.00244,982.849,1143.2435,1170.4058,1261.2131,838.3407,,1232.447,1136.124,1118.7878,995.1
ID98,1980-06-30,408.57864,446.11075,428.8268,408.51312,424.20172,394.28598,393.97955,356.64236,364.21066,420.4322,433.62146,423.38257,374.93988,,402.623,353.27005,391.84973,425.3
ID98,1980-09-30,390.13647,470.53928,379.65457,404.28482,402.8952,370.42172,366.71973,317.62018,328.3903,411.6402,433.2579,447.38147,337.18793,,403.76343,373.85138,369.52783,348.2
ID99,1990-06-30,74.50695,67.345314,66.49083,69.52083,68.37757,68.3656,68.342445,65.0547,65.50644,71.00184,71.732864,68.05122,67.230804,,68.71533,67.39307,67.904854,66.6
ID99,1990-09-30,75.79063,69.50418,71.623856,70.69768,69.46712,69.454506,69.38966,65.854774,66.61799,71.88527,72.90583,69.00952,67.14573,,69.475624,67.04511,69.03499,62.8
