unique_id,ds,y,is_anomaly
q1,2022-01-01,6915.52,0
q1,2022-04-01,5696.01,0
q1,2022-07-01,9507.025,0
q1,2022-10-01,17469.63,0
q1,2023-01-01,7672.665,0
q1,2023-04-01,6407.285,0
q1,2023-07-01,10330.3,0
q1,2023-10-01,6995.05,1
q10,2022-01-01,86979.0,0
q10,2022-04-01,104594.0,0
q10,2022-07-01,83742.0,0
q10,2022-10-01,115734.0,0
q10,2023-01-01,99216.0,0
q10,2023-04-01,136031.0,0
q10,2023-07-01,95582.0,0
q10,2023-10-01,123212.0,0
q100,2022-01-01,35317.0,0
q100,2022-04-01,35657.0,0
q100,2022-07-01,32673.0,0
q100,2022-10-01,26161.0,0
q100,2023-01-01,34036.0,0
q100,2023-04-01,40744.0,0
q100,2023-07-01,36207.0,0
q100,2023-10-01,29173.0,0
q101,2022-01-01,711690.0,0
q101,2022-04-01,845748.0,0
q101,2022-07-01,747661.0,0
q101,2022-10-01,589977.0,0
q101,2023-01-01,664370.0,0
q101,2023-04-01,884486.0,0
q101,2023-07-01,752682.0,0
q101,2023-10-01,594550.0,0
q102,2022-01-01,75349.0,0
q102,2022-04-01,82003.0,0
q102,2022-07-01,53356.0,0
q102,2022-10-01,70030.0,0
q102,2023-01-01,72066.0,0
q102,2023-04-01,83143.0,0
q102,2023-07-01,55325.0,0
q102,2023-10-01,78124.0,0
q103,2022-01-01,8524.0,0
q103,2022-04-01,9005.0,0
q103,2022-07-01,8279.0,0
q103,2022-10-01,6399.0,0
q103,2023-01-01,9123.0,0
q103,2023-04-01,9843.0,0
q103,2023-07-01,9015.0,0
q103,2023-10-01,6083.0,0
q104,2022-01-01,9198.0,0
q104,2022-04-01,10854.0,0
q104,2022-07-01,9340.0,0
q104,2022-10-01,10275.0,0
q104,2023-01-01,9667.0,0
q104,2023-04-01,10564.0,0
q104,2023-07-01,7997.0,0
q104,2023-10-01,9417.0,0
q105,2022-01-01,7567.0,0
q105,2022-04-01,10192.0,0
q105,2022-07-01,7385.0,0
q105,2022-10-01,9053.0,0
q105,2023-01-01,7196.0,0
q105,2023-04-01,10919.0,0
q105,2023-07-01,8251.0,0
q105,2023-10-01,8549.0,0
q106,2022-01-01,7017.0,0
q106,2022-04-01,9268.0,0
q106,2022-07-01,5806.0,0
q106,2022-10-01,7116.0,0
q106,2023-01-01,6229.0,0
q106,2023-04-01,10088.0,0
q106,2023-07-01,6748.0,0
q106,2023-10-01,7462.0,0
q107,2022-01-01,3255.0,0
q107,2022-04-01,5127.0,0
q107,2022-07-01,3143.0,0
q107,2022-10-01,3341.0,0
q107,2023-01-01,2935.0,0
q107,2023-04-01,4769.0,0
q107,2023-07-01,3266.0,0
q107,2023-10-01,3079.0,0
q108,2022-01-01,2927.0,0
q108,2022-04-01,2430.0,0
q108,2022-07-01,2511.0,0
q108,2022-10-01,2200.0,0
q108,2023-01-01,2799.0,0
q108,2023-04-01,1992.0,0
q108,2023-07-01,2479.0,0
q108,2023-10-01,2482.0,0
q109,2022-01-01,2713.0,0
q109,2022-04-01,3576.0,0
q109,2022-07-01,2156.0,0
q109,2022-10-01,3403.0,0
q109,2023-01-01,2600.0,0
q109,2023-04-01,3427.0,0
q109,2023-07-01,2755.0,0
q109,2023-10-01,4177.0,0
q11,2022-01-01,122959.0,0
q11,2022-04-01,148731.0,0
q11,2022-07-01,124408.0,0
q11,2022-10-01,177232.0,0
q11,2023-01-01,118195.0,0
q11,2023-04-01,152562.0,0
q11,2023-07-01,127718.0,0
q11,2023-10-01,189999.0,0
q110,2022-01-01,5475.0,0
q110,2022-04-01,6582.0,0
q110,2022-07-01,6005.0,0
q110,2022-10-01,4484.0,0
q110,2023-01-01,6143.0,0
q110,2023-04-01,6596.0,0
q110,2023-07-01,6093.0,0
q110,2023-10-01,5513.0,0
q111,2022-01-01,8064.0,0
q111,2022-04-01,9380.0,0
q111,2022-07-01,8556.0,0
q111,2022-10-01,8167.0,0
q111,2023-01-01,10120.0,1
q111,2023-04-01,10843.0,1
q111,2023-07-01,9898.0,1
q111,2023-10-01,9531.0,1
q112,2022-01-01,8262.0,0
q112,2022-04-01,11857.0,0
q112,2022-07-01,8916.0,0
q112,2022-10-01,12576.0,0
q112,2023-01-01,10725.0,1
q112,2023-04-01,15448.0,1
q112,2023-07-01,11690.0,1
q112,2023-10-01,14014.0,1
q113,2022-01-01,21004.0,0
q113,2022-04-01,28325.0,0
q113,2022-07-01,20761.0,0
q113,2022-10-01,22799.0,0
q113,2023-01-01,21111.0,0
q113,2023-04-01,27797.0,0
q113,2023-07-01,20331.0,0
q113,2023-10-01,22109.0,0
q114,2022-01-01,5714.0,0
q114,2022-04-01,10348.0,0
q114,2022-07-01,8938.0,0
q114,2022-10-01,5881.0,0
q114,2023-01-01,6793.0,0
q114,2023-04-01,11000.0,0
q114,2023-07-01,9000.0,0
q114,2023-10-01,6345.0,0
q115,2022-01-01,40627.0,0
q115,2022-04-01,89779.0,0
q115,2022-07-01,77791.0,0
q115,2022-10-01,42493.0,0
q115,2023-01-01,38993.0,0
q115,2023-04-01,92538.0,0
q115,2023-07-01,82178.0,0
q115,2023-10-01,38287.0,0
q116,2022-01-01,4413.0,0
q116,2022-04-01,6313.0,0
q116,2022-07-01,5451.0,0
q116,2022-10-01,3394.0,0
q116,2023-01-01,4230.0,0
q116,2023-04-01,6702.0,0
q116,2023-07-01,6188.0,0
q116,2023-10-01,2971.0,0
q117,2022-01-01,17587.0,0
q117,2022-04-01,34433.0,0
q117,2022-07-01,24259.0,0
q117,2022-10-01,15381.0,0
q117,2023-01-01,17299.0,0
q117,2023-04-01,35985.0,0
q117,2023-07-01,27778.0,0
q117,2023-10-01,14991.0,0
q118,2022-01-01,16047.0,0
q118,2022-04-01,24688.0,0
q118,2022-07-01,15292.0,0
q118,2022-10-01,16184.0,0
q118,2023-01-01,17374.0,0
q118,2023-04-01,27831.0,1
q118,2023-07-01,19131.0,0
q118,2023-10-01,17291.0,0
q119,2022-01-01,243743.0,0
q119,2022-04-01,354160.0,0
q119,2022-07-01,267945.0,0
q119,2022-10-01,243176.0,0
q119,2023-01-01,245403.0,0
q119,2023-04-01,369485.0,0
q119,2023-07-01,288123.0,0
q119,2023-10-01,250425.0,0
q12,2022-01-01,84415.0,0
q12,2022-04-01,92747.0,0
q12,2022-07-01,90354.0,0
q12,2022-10-01,112896.0,0
q12,2023-01-01,93684.0,0
q12,2023-04-01,102467.0,0
q12,2023-07-01,86774.0,0
q12,2023-10-01,112607.0,0
q120,2022-01-01,56181.0,0
q120,2022-04-01,47207.0,0
q120,2022-07-01,44366.0,0
q120,2022-10-01,52830.0,0
q120,2023-01-01,55505.0,0
q120,2023-04-01,48837.0,0
q120,2023-07-01,46767.0,0
q120,2023-10-01,53626.0,0
q121,2022-01-01,11280.0,0
q121,2022-04-01,10629.0,0
q121,2022-07-01,11357.0,0
q121,2022-10-01,9877.0,0
q121,2023-01-01,11805.0,0
q121,2023-04-01,10795.0,0
q121,2023-07-01,11812.0,0
q121,2023-10-01,11182.0,0
q122,2022-01-01,5679.0,0
q122,2022-04-01,5252.0,0
q122,2022-07-01,5519.0,0
q122,2022-10-01,4941.0,0
q122,2023-01-01,5373.0,0
q122,2023-04-01,5698.0,0
q122,2023-07-01,5992.0,0
q122,2023-10-01,6430.0,0
q123,2022-01-01,13565.0,0
q123,2022-04-01,11688.0,0
q123,2022-07-01,12865.0,0
q123,2022-10-01,13499.0,0
q123,2023-01-01,16127.0,1
q123,2023-04-01,14069.0,1
q123,2023-07-01,14286.0,1
q123,2023-10-01,14581.0,0
q124,2022-01-01,4345.0,0
q124,2022-04-01,3555.0,0
q124,2022-07-01,4026.0,0
q124,2022-10-01,4199.0,0
q124,2023-01-01,5201.0,0
q124,2023-04-01,3949.0,0
q124,2023-07-01,4579.0,0
q124,2023-10-01,4433.0,0
q125,2022-01-01,2756.0,0
q125,2022-04-01,2713.0,0
q125,2022-07-01,2551.0,0
q125,2022-10-01,2247.0,0
q125,2023-01-01,3144.0,0
q125,2023-04-01,2987.0,0
q125,2023-07-01,2823.0,0
q125,2023-10-01,3149.0,0
q126,2022-01-01,1661.0,0
q126,2022-04-01,1342.0,0
q126,2022-07-01,1271.0,0
q126,2022-10-01,1420.0,0
q126,2023-01-01,1479.0,0
q126,2023-04-01,1543.0,0
q126,2023-07-01,1239.0,0
q126,2023-10-01,1533.0,0
q127,2022-01-01,3836.0,0
q127,2022-04-01,3280.0,0
q127,2022-07-01,3076.0,0
q127,2022-10-01,3490.0,0
q127,2023-01-01,3670.0,0
q127,2023-04-01,3357.0,0
q127,2023-07-01,3382.0,0
q127,2023-10-01,3821.0,0
q128,2022-01-01,3726.0,0
q128,2022-04-01,4109.0,0
q128,2022-07-01,4318.0,0
q128,2022-10-01,3217.0,0
q128,2023-01-01,4417.0,0
q128,2023-04-01,4376.0,0
q128,2023-07-01,4325.0,0
q128,2023-10-01,3875.0,0
q129,2022-01-01,12934.0,0
q129,2022-04-01,22696.0,0
q129,2022-07-01,16358.0,0
q129,2022-10-01,15228.0,0
q129,2023-01-01,16002.0,0
q129,2023-04-01,19865.0,0
q129,2023-07-01,21595.0,0
q129,2023-10-01,15388.0,0
q13,2022-01-01,502032.0,0
q13,2022-04-01,513773.0,0
q13,2022-07-01,573492.0,0
q13,2022-10-01,541268.0,0
q13,2023-01-01,526783.0,0
q13,2023-04-01,513027.0,0
q13,2023-07-01,599011.0,0
q13,2023-10-01,538411.0,0
q130,2022-01-01,9313.0,1
q130,2022-04-01,8585.0,1
q130,2022-07-01,8252.0,0
q130,2022-10-01,8938.0,0
q130,2023-01-01,10231.0,1
q130,2023-04-01,9185.0,1
q130,2023-07-01,10311.0,1
q130,2023-10-01,10849.0,1
q131,2022-01-01,26697.0,0
q131,2022-04-01,21477.0,0
q131,2022-07-01,24259.0,0
q131,2022-10-01,24276.0,0
q131,2023-01-01,28669.0,0
q131,2023-04-01,23679.0,0
q131,2023-07-01,27771.0,0
q131,2023-10-01,28090.0,0
q132,2022-01-01,3457.0,0
q132,2022-04-01,3279.0,0
q132,2022-07-01,3467.0,0
q132,2022-10-01,2995.0,0
q132,2023-01-01,3533.0,0
q132,2023-04-01,3598.0,0
q132,2023-07-01,4148.0,0
q132,2023-10-01,4067.0,0
q133,2022-01-01,12095.0,0
q133,2022-04-01,13478.0,0
q133,2022-07-01,15173.0,0
q133,2022-10-01,11093.0,0
q133,2023-01-01,13019.0,0
q133,2023-04-01,14280.0,0
q133,2023-07-01,15153.0,0
q133,2023-10-01,11580.0,0
q134,2022-01-01,4271.0,0
q134,2022-04-01,4212.0,0
q134,2022-07-01,4606.0,0
q134,2022-10-01,3637.0,0
q134,2023-01-01,4278.0,0
q134,2023-04-01,3916.0,0
q134,2023-07-01,4874.0,0
q134,2023-10-01,3692.0,0
q135,2022-01-01,13899.0,0
q135,2022-04-01,15471.0,0
q135,2022-07-01,14481.0,0
q135,2022-10-01,11361.0,0
q135,2023-01-01,14372.0,0
q135,2023-04-01,15227.0,0
q135,2023-07-01,16475.0,0
q135,2023-10-01,11269.0,0
q136,2022-01-01,14252.0,0
q136,2022-04-01,12442.0,0
q136,2022-07-01,11975.0,0
q136,2022-10-01,13325.0,0
q136,2023-01-01,15637.0,1
q136,2023-04-01,14215.0,1
q136,2023-07-01,15210.0,1
q136,2023-10-01,13775.0,0
q137,2022-01-01,199947.0,0
q137,2022-04-01,191415.0,0
q137,2022-07-01,187920.0,0
q137,2022-10-01,186573.0,0
q137,2023-01-01,212462.0,0
q137,2023-04-01,199576.0,0
q137,2023-07-01,210742.0,0
q137,2023-10-01,201340.0,0
q138,2022-01-01,34069.0,0
q138,2022-04-01,30978.0,0
q138,2022-07-01,28229.0,0
q138,2022-10-01,31690.0,0
q138,2023-01-01,33027.0,0
q138,2023-04-01,32030.0,0
q138,2023-07-01,28632.0,0
q138,2023-10-01,34903.0,0
q139,2022-01-01,15583.0,0
q139,2022-04-01,10197.0,0
q139,2022-07-01,15830.0,0
q139,2022-10-01,9105.0,0
q139,2023-01-01,14439.0,0
q139,2023-04-01,9364.0,0
q139,2023-07-01,15767.0,0
q139,2023-10-01,9014.0,0
q14,2022-01-01,3038791.0,0
q14,2022-04-01,2845000.0,0
q14,2022-07-01,3293652.0,0
q14,2022-10-01,3363957.0,0
q14,2023-01-01,3591843.0,0
q14,2023-04-01,3114549.0,0
q14,2023-07-01,3492344.0,0
q14,2023-10-01,3392606.0,0
q140,2022-01-01,7483.0,0
q140,2022-04-01,3226.0,0
q140,2022-07-01,9314.0,0
q140,2022-10-01,3908.0,0
q140,2023-01-01,6878.0,0
q140,2023-04-01,3959.0,0
q140,2023-07-01,9833.0,0
q140,2023-10-01,4588.0,0
q141,2022-01-01,8813.0,0
q141,2022-04-01,10911.0,0
q141,2022-07-01,12924.0,0
q141,2022-10-01,7952.0,0
q141,2023-01-01,10834.0,0
q141,2023-04-01,10655.0,0
q141,2023-07-01,12782.0,0
q141,2023-10-01,9027.0,0
q142,2022-01-01,7442.0,0
q142,2022-04-01,4841.0,0
q142,2022-07-01,11844.0,0
q142,2022-10-01,3478.0,0
q142,2023-01-01,7777.0,0
q142,2023-04-01,5204.0,0
q142,2023-07-01,12525.0,0
q142,2023-10-01,5426.0,0
q143,2022-01-01,6636.0,0
q143,2022-04-01,4582.0,0
q143,2022-07-01,7719.0,0
q143,2022-10-01,4259.0,0
q143,2023-01-01,6117.0,0
q143,2023-04-01,5312.0,0
q143,2023-07-01,7791.0,0
q143,2023-10-01,4813.0,0
q144,2022-01-01,3973.0,0
q144,2022-04-01,1468.0,0
q144,2022-07-01,4463.0,0
q144,2022-10-01,1777.0,0
q144,2023-01-01,3814.0,0
q144,2023-04-01,1831.0,0
q144,2023-07-01,4086.0,0
q144,2023-10-01,2057.0,0
q145,2022-01-01,5104.0,0
q145,2022-04-01,3626.0,0
q145,2022-07-01,6548.0,0
q145,2022-10-01,4687.0,0
q145,2023-01-01,5374.0,0
q145,2023-04-01,3512.0,0
q145,2023-07-01,7435.0,0
q145,2023-10-01,5727.0,0
q146,2022-01-01,9931.0,0
q146,2022-04-01,8005.0,0
q146,2022-07-01,15015.0,0
q146,2022-10-01,9259.0,0
q146,2023-01-01,12189.0,0
q146,2023-04-01,9639.0,0
q146,2023-07-01,17347.0,0
q146,2023-10-01,9173.0,0
q147,2022-01-01,17464.0,0
q147,2022-04-01,9268.0,0
q147,2022-07-01,24432.0,0
q147,2022-10-01,7977.0,0
q147,2023-01-01,19050.0,0
q147,2023-04-01,10465.0,0
q147,2023-07-01,28492.0,0
q147,2023-10-01,8750.0,0
q148,2022-01-01,9641.0,0
q148,2022-04-01,8892.0,0
q148,2022-07-01,14580.0,0
q148,2022-10-01,10230.0,0
q148,2023-01-01,11471.0,0
q148,2023-04-01,10402.0,0
q148,2023-07-01,19021.0,1
q148,2023-10-01,13567.0,1
q149,2022-01-01,18805.0,0
q149,2022-04-01,9943.0,0
q149,2022-07-01,17566.0,0
q149,2022-10-01,17503.0,0
q149,2023-01-01,17949.0,0
q149,2023-04-01,9234.0,0
q149,2023-07-01,17587.0,0
q149,2023-10-01,17399.0,0
q15,2022-01-01,24836.45,0
q15,2022-04-01,24737.5,0
q15,2022-07-01,24136.38,0
q15,2022-10-01,27102.91,0
q15,2023-01-01,26280.96,0
q15,2023-04-01,25767.66,0
q15,2023-07-01,26012.2,0
q15,2023-10-01,28318.7,0
q150,2022-01-01,2448.0,0
q150,2022-04-01,1878.0,0
q150,2022-07-01,4911.0,0
q150,2022-10-01,1810.0,0
q150,2023-01-01,2505.0,0
q150,2023-04-01,2339.0,0
q150,2023-07-01,4873.0,0
q150,2023-10-01,2148.0,0
q151,2022-01-01,9249.0,0
q151,2022-04-01,8885.0,0
q151,2022-07-01,11806.0,0
q151,2022-10-01,7205.0,0
q151,2023-01-01,8824.0,0
q151,2023-04-01,10312.0,0
q151,2023-07-01,11359.0,0
q151,2023-10-01,6598.0,0
q152,2022-01-01,4816.0,0
q152,2022-04-01,2989.0,0
q152,2022-07-01,5160.0,0
q152,2022-10-01,2288.0,0
q152,2023-01-01,5514.0,0
q152,2023-04-01,3136.0,0
q152,2023-07-01,5591.0,0
q152,2023-10-01,2420.0,0
q153,2022-01-01,15156.0,0
q153,2022-04-01,13159.0,0
q153,2022-07-01,16415.0,0
q153,2022-10-01,8793.0,0
q153,2023-01-01,16710.0,0
q153,2023-04-01,14746.0,0
q153,2023-07-01,19774.0,0
q153,2023-10-01,10103.0,0
q154,2022-01-01,16846.0,0
q154,2022-04-01,14309.0,0
q154,2022-07-01,20986.0,0
q154,2022-10-01,14150.0,0
q154,2023-01-01,18353.0,0
q154,2023-04-01,16667.0,0
q154,2023-07-01,22706.0,0
q154,2023-10-01,16806.0,0
q155,2022-01-01,193459.0,0
q155,2022-04-01,147157.0,0
q155,2022-07-01,227742.0,0
q155,2022-10-01,146071.0,0
q155,2023-01-01,200825.0,0
q155,2023-04-01,158807.0,0
q155,2023-07-01,245601.0,0
q155,2023-10-01,162519.0,0
q156,2022-01-01,2000.0,0
q156,2022-04-01,3100.0,0
q156,2022-07-01,1300.0,0
q156,2022-10-01,2500.0,0
q156,2023-01-01,2200.0,0
q156,2023-04-01,2900.0,0
q156,2023-07-01,2100.0,0
q156,2023-10-01,1700.0,0
q157,2022-01-01,55800.0,0
q157,2022-04-01,53000.0,0
q157,2022-07-01,41100.0,0
q157,2022-10-01,50200.0,0
q157,2023-01-01,57800.0,0
q157,2023-04-01,53300.0,0
q157,2023-07-01,35700.0,0
q157,2023-10-01,46600.0,0
q158,2022-01-01,2200.0,0
q158,2022-04-01,2700.0,0
q158,2022-07-01,1400.0,0
q158,2022-10-01,2300.0,0
q158,2023-01-01,2000.0,0
q158,2023-04-01,2200.0,0
q158,2023-07-01,1200.0,0
q158,2023-10-01,1800.0,0
q159,2022-01-01,4400.0,0
q159,2022-04-01,4100.0,0
q159,2022-07-01,2700.0,0
q159,2022-10-01,3600.0,0
q159,2023-01-01,4000.0,0
q159,2023-04-01,3600.0,0
q159,2023-07-01,4000.0,0
q159,2023-10-01,3200.0,0
q16,2022-01-01,43856.12,0
q16,2022-04-01,43782.9,0
q16,2022-07-01,46647.44,0
q16,2022-10-01,48165.78,0
q16,2023-01-01,48113.84,0
q16,2023-04-01,46516.62,0
q16,2023-07-01,48204.65,0
q16,2023-10-01,49565.64,0
q160,2022-01-01,202800.0,0
q160,2022-04-01,232100.0,0
q160,2022-07-01,220200.0,0
q160,2022-10-01,181200.0,0
q160,2023-01-01,210900.0,0
q160,2023-04-01,252400.0,0
q160,2023-07-01,229500.0,0
q160,2023-10-01,190500.0,0
q161,2022-01-01,4300.0,0
q161,2022-04-01,5800.0,0
q161,2022-07-01,4600.0,0
q161,2022-10-01,5200.0,0
q161,2023-01-01,6300.0,0
q161,2023-04-01,6600.0,0
q161,2023-07-01,6000.0,0
q161,2023-10-01,5600.0,0
q162,2022-01-01,11600.0,0
q162,2022-04-01,10600.0,0
q162,2022-07-01,9100.0,0
q162,2022-10-01,11900.0,0
q162,2023-01-01,12600.0,0
q162,2023-04-01,12000.0,0
q162,2023-07-01,9800.0,0
q162,2023-10-01,12800.0,0
q163,2022-01-01,4600.0,1
q163,2022-04-01,4700.0,0
q163,2022-07-01,3600.0,0
q163,2022-10-01,5100.0,1
q163,2023-01-01,4700.0,1
q163,2023-04-01,6800.0,1
q163,2023-07-01,3800.0,0
q163,2023-10-01,4600.0,1
q164,2022-01-01,1500.0,0
q164,2022-04-01,3400.0,0
q164,2022-07-01,1400.0,0
q164,2022-10-01,2800.0,0
q164,2023-01-01,3100.0,0
q164,2023-04-01,2900.0,0
q164,2023-07-01,1700.0,0
q164,2023-10-01,2300.0,0
q165,2022-01-01,10800.0,0
q165,2022-04-01,10400.0,0
q165,2022-07-01,8600.0,0
q165,2022-10-01,8300.0,0
q165,2023-01-01,11300.0,0
q165,2023-04-01,12100.0,0
q165,2023-07-01,10000.0,0
q165,2023-10-01,11100.0,0
q166,2022-01-01,4200.0,0
q166,2022-04-01,3100.0,0
q166,2022-07-01,3200.0,0
q166,2022-10-01,3600.0,0
q166,2023-01-01,2800.0,0
q166,2023-04-01,3200.0,0
q166,2023-07-01,4000.0,0
q166,2023-10-01,3300.0,0
q167,2022-01-01,304400.0,0
q167,2022-04-01,333100.0,0
q167,2022-07-01,297000.0,0
q167,2022-10-01,276500.0,0
q167,2023-01-01,318100.0,0
q167,2023-04-01,358000.0,0
q167,2023-07-01,307900.0,0
q167,2023-10-01,283300.0,0
q168,2022-01-01,3900.0,0
q168,2022-04-01,3400.0,0
q168,2022-07-01,2900.0,0
q168,2022-10-01,3900.0,0
q168,2023-01-01,3800.0,0
q168,2023-04-01,3700.0,0
q168,2023-07-01,2500.0,0
q168,2023-10-01,2900.0,0
q169,2022-01-01,22600.0,0
q169,2022-04-01,13900.0,0
q169,2022-07-01,9800.0,0
q169,2022-10-01,26800.0,0
q169,2023-01-01,22500.0,0
q169,2023-04-01,13500.0,0
q169,2023-07-01,9700.0,0
q169,2023-10-01,30800.0,0
q17,2022-01-01,25997.68,0
q17,2022-04-01,26646.54,0
q17,2022-07-01,29287.22,0
q17,2022-10-01,31678.59,0
q17,2023-01-01,31897.96,0
q17,2023-04-01,33142.04,0
q17,2023-07-01,34610.2,0
q17,2023-10-01,38110.89,0
q170,2022-01-01,15800.0,0
q170,2022-04-01,11500.0,0
q170,2022-07-01,8800.0,0
q170,2022-10-01,29600.0,1
q170,2023-01-01,18500.0,0
q170,2023-04-01,13000.0,0
q170,2023-07-01,9600.0,0
q170,2023-10-01,17800.0,0
q171,2022-01-01,10000.0,0
q171,2022-04-01,6200.0,0
q171,2022-07-01,3900.0,0
q171,2022-10-01,11100.0,0
q171,2023-01-01,10800.0,0
q171,2023-04-01,7400.0,0
q171,2023-07-01,3800.0,0
q171,2023-10-01,10300.0,0
q172,2022-01-01,5500.0,0
q172,2022-04-01,4100.0,0
q172,2022-07-01,3200.0,0
q172,2022-10-01,8600.0,0
q172,2023-01-01,6700.0,0
q172,2023-04-01,3900.0,0
q172,2023-07-01,2800.0,0
q172,2023-10-01,7200.0,0
q173,2022-01-01,2500.0,0
q173,2022-04-01,1500.0,0
q173,2022-07-01,1200.0,0
q173,2022-10-01,3200.0,0
q173,2023-01-01,2500.0,0
q173,2023-04-01,2000.0,0
q173,2023-07-01,1500.0,0
q173,2023-10-01,4300.0,0
q174,2022-01-01,4400.0,0
q174,2022-04-01,3800.0,0
q174,2022-07-01,3700.0,0
q174,2022-10-01,5000.0,0
q174,2023-01-01,5000.0,0
q174,2023-04-01,5300.0,0
q174,2023-07-01,4300.0,0
q174,2023-10-01,5300.0,0
q175,2022-01-01,129800.0,0
q175,2022-04-01,82900.0,0
q175,2022-07-01,58600.0,0
q175,2022-10-01,138000.0,0
q175,2023-01-01,130400.0,0
q175,2023-04-01,85800.0,0
q175,2023-07-01,59700.0,0
q175,2023-10-01,139200.0,0
q176,2022-01-01,6600.0,0
q176,2022-04-01,4600.0,0
q176,2022-07-01,2700.0,0
q176,2022-10-01,7400.0,0
q176,2023-01-01,7300.0,0
q176,2023-04-01,4500.0,0
q176,2023-07-01,3700.0,0
q176,2023-10-01,7500.0,0
q177,2022-01-01,201400.0,0
q177,2022-04-01,131700.0,0
q177,2022-07-01,95000.0,0
q177,2022-10-01,233500.0,0
q177,2023-01-01,207300.0,0
q177,2023-04-01,138800.0,0
q177,2023-07-01,97800.0,0
q177,2023-10-01,225800.0,0
q178,2022-01-01,6200.0,0
q178,2022-04-01,1000.0,0
q178,2022-07-01,600.0,0
q178,2022-10-01,7700.0,0
q178,2023-01-01,5800.0,0
q178,2023-04-01,1300.0,0
q178,2023-07-01,800.0,0
q178,2023-10-01,6600.0,0
q179,2022-01-01,19300.0,0
q179,2022-04-01,3900.0,0
q179,2022-07-01,2700.0,0
q179,2022-10-01,22200.0,0
q179,2023-01-01,16700.0,0
q179,2023-04-01,3800.0,0
q179,2023-07-01,3200.0,0
q179,2023-10-01,21700.0,0
q18,2022-01-01,11328.34,0
q18,2022-04-01,11180.16,0
q18,2022-07-01,11731.27,0
q18,2022-10-01,12746.3,0
q18,2023-01-01,12194.07,0
q18,2023-04-01,12002.55,0
q18,2023-07-01,12464.36,0
q18,2023-10-01,12870.92,0
q180,2022-01-01,34200.0,0
q180,2022-04-01,15600.0,0
q180,2022-07-01,11800.0,0
q180,2022-10-01,41400.0,0
q180,2023-01-01,38500.0,0
q180,2023-04-01,17100.0,0
q180,2023-07-01,10900.0,0
q180,2023-10-01,41200.0,0
q181,2022-01-01,3800.0,0
q181,2022-04-01,1300.0,0
q181,2022-07-01,600.0,0
q181,2022-10-01,4400.0,0
q181,2023-01-01,2600.0,0
q181,2023-04-01,2100.0,0
q181,2023-07-01,700.0,0
q181,2023-10-01,4600.0,0
q182,2022-01-01,3400.0,0
q182,2022-04-01,1700.0,0
q182,2022-07-01,600.0,0
q182,2022-10-01,4100.0,0
q182,2023-01-01,3700.0,0
q182,2023-04-01,2000.0,0
q182,2023-07-01,1500.0,0
q182,2023-10-01,7500.0,1
q183,2022-01-01,8100.0,0
q183,2022-04-01,4800.0,0
q183,2022-07-01,3400.0,0
q183,2022-10-01,8200.0,0
q183,2023-01-01,8600.0,0
q183,2023-04-01,4500.0,0
q183,2023-07-01,3600.0,0
q183,2023-10-01,9700.0,1
q184,2022-01-01,19800.0,0
q184,2022-04-01,8300.0,0
q184,2022-07-01,6500.0,0
q184,2022-10-01,25600.0,0
q184,2023-01-01,23500.0,0
q184,2023-04-01,9300.0,0
q184,2023-07-01,7400.0,0
q184,2023-10-01,27200.0,0
q185,2022-01-01,94800.0,0
q185,2022-04-01,36600.0,0
q185,2022-07-01,26000.0,0
q185,2022-10-01,113600.0,0
q185,2023-01-01,99500.0,0
q185,2023-04-01,40100.0,0
q185,2023-07-01,27900.0,0
q185,2023-10-01,118400.0,0
q186,2022-01-01,4300.0,0
q186,2022-04-01,5900.0,0
q186,2022-07-01,4300.0,0
q186,2022-10-01,2700.0,0
q186,2023-01-01,3000.0,0
q186,2023-04-01,5000.0,0
q186,2023-07-01,3100.0,0
q186,2023-10-01,3400.0,0
q187,2022-01-01,3300.0,0
q187,2022-04-01,4500.0,0
q187,2022-07-01,2200.0,0
q187,2022-10-01,3200.0,0
q187,2023-01-01,1800.0,0
q187,2023-04-01,3100.0,0
q187,2023-07-01,2600.0,0
q187,2023-10-01,4600.0,0
q188,2022-01-01,10600.0,0
q188,2022-04-01,5300.0,0
q188,2022-07-01,2800.0,0
q188,2022-10-01,9800.0,0
q188,2023-01-01,4500.0,1
q188,2023-04-01,3500.0,0
q188,2023-07-01,2200.0,0
q188,2023-10-01,5200.0,0
q189,2022-01-01,5400.0,0
q189,2022-04-01,2400.0,0
q189,2022-07-01,2000.0,0
q189,2022-10-01,10700.0,0
q189,2023-01-01,7000.0,0
q189,2023-04-01,3200.0,0
q189,2023-07-01,2000.0,0
q189,2023-10-01,10700.0,0
q19,2022-01-01,453.0,0
q19,2022-04-01,442.0,0
q19,2022-07-01,401.0,0
q19,2022-10-01,443.0,0
q19,2023-01-01,439.0,0
q19,2023-04-01,428.0,0
q19,2023-07-01,401.0,0
q19,2023-10-01,439.0,0
q190,2022-01-01,4800.0,0
q190,2022-04-01,6900.0,0
q190,2022-07-01,7200.0,0
q190,2022-10-01,6300.0,0
q190,2023-01-01,6400.0,1
q190,2023-04-01,7800.0,1
q190,2023-07-01,8800.0,1
q190,2023-10-01,9000.0,1
q191,2022-01-01,8600.0,0
q191,2022-04-01,11400.0,0
q191,2022-07-01,7700.0,0
q191,2022-10-01,10100.0,0
q191,2023-01-01,9000.0,0
q191,2023-04-01,14000.0,1
q191,2023-07-01,7900.0,0
q191,2023-10-01,7600.0,0
q192,2022-01-01,37000.0,0
q192,2022-04-01,36500.0,0
q192,2022-07-01,26300.0,0
q192,2022-10-01,42700.0,0
q192,2023-01-01,31500.0,0
q192,2023-04-01,36500.0,0
q192,2023-07-01,26500.0,0
q192,2023-10-01,40600.0,0
q193,2022-01-01,1900.0,0
q193,2022-04-01,5400.0,0
q193,2022-07-01,3600.0,0
q193,2022-10-01,3500.0,0
q193,2023-01-01,3500.0,0
q193,2023-04-01,6200.0,0
q193,2023-07-01,5600.0,1
q193,2023-10-01,3500.0,0
q194,2022-01-01,2100.0,0
q194,2022-04-01,2200.0,0
q194,2022-07-01,1500.0,0
q194,2022-10-01,1900.0,0
q194,2023-01-01,2200.0,0
q194,2023-04-01,2000.0,0
q194,2023-07-01,2500.0,0
q194,2023-10-01,2100.0,0
q195,2022-01-01,105700.0,0
q195,2022-04-01,51000.0,0
q195,2022-07-01,35700.0,0
q195,2022-10-01,49600.0,0
q195,2023-01-01,54500.0,0
q195,2023-04-01,55100.0,0
q195,2023-07-01,52100.0,0
q195,2023-10-01,69800.0,0
q196,2022-01-01,40600.0,0
q196,2022-04-01,43300.0,0
q196,2022-07-01,40300.0,0
q196,2022-10-01,39600.0,0
q196,2023-01-01,42200.0,0
q196,2023-04-01,45900.0,0
q196,2023-07-01,44000.0,0
q196,2023-10-01,40500.0,0
q197,2022-01-01,15600.0,0
q197,2022-04-01,27700.0,0
q197,2022-07-01,19900.0,0
q197,2022-10-01,20600.0,0
q197,2023-01-01,17000.0,0
q197,2023-04-01,28000.0,0
q197,2023-07-01,20800.0,0
q197,2023-10-01,21100.0,0
q198,2022-01-01,48400.0,0
q198,2022-04-01,51300.0,0
q198,2022-07-01,49400.0,0
q198,2022-10-01,55600.0,0
q198,2023-01-01,50400.0,0
q198,2023-04-01,55500.0,0
q198,2023-07-01,46600.0,0
q198,2023-10-01,55800.0,0
q199,2022-01-01,52000.0,0
q199,2022-04-01,71200.0,0
q199,2022-07-01,55900.0,0
q199,2022-10-01,67300.0,1
q199,2023-01-01,77500.0,1
q199,2023-04-01,87300.0,1
q199,2023-07-01,77400.0,1
q199,2023-10-01,89400.0,1
q2,2022-01-01,348666.69,0
q2,2022-04-01,289378.83,0
q2,2022-07-01,361884.6,0
q2,2022-10-01,540909.5,0
q2,2023-01-01,386096.5,0
q2,2023-04-01,304618.082,0
q2,2023-07-01,417078.1932,0
q2,2023-10-01,199405.116,1
q20,2022-01-01,590.0,0
q20,2022-04-01,554.0,0
q20,2022-07-01,481.0,0
q20,2022-10-01,576.0,0
q20,2023-01-01,639.0,0
q20,2023-04-01,559.0,0
q20,2023-07-01,493.0,0
q20,2023-10-01,601.0,0
q200,2022-01-01,26800.0,0
q200,2022-04-01,36200.0,0
q200,2022-07-01,31200.0,0
q200,2022-10-01,25200.0,0
q200,2023-01-01,26500.0,0
q200,2023-04-01,42500.0,0
q200,2023-07-01,41000.0,0
q200,2023-10-01,33400.0,0
q201,2022-01-01,2800.0,0
q201,2022-04-01,4800.0,0
q201,2022-07-01,3800.0,0
q201,2022-10-01,2500.0,0
q201,2023-01-01,2200.0,0
q201,2023-04-01,5600.0,0
q201,2023-07-01,4300.0,0
q201,2023-10-01,3700.0,0
q202,2022-01-01,296100.0,0
q202,2022-04-01,293000.0,0
q202,2022-07-01,241300.0,0
q202,2022-10-01,265900.0,0
q202,2023-01-01,276000.0,0
q202,2023-04-01,328300.0,0
q202,2023-07-01,294200.0,0
q202,2023-10-01,319400.0,0
q203,2022-01-01,62200.0,0
q203,2022-04-01,62900.0,0
q203,2022-07-01,48800.0,0
q203,2022-10-01,66000.0,0
q203,2023-01-01,65700.0,0
q203,2023-04-01,70500.0,0
q203,2023-07-01,58600.0,0
q203,2023-10-01,73600.0,0
q204,2022-01-01,43500.0,0
q204,2022-04-01,53800.0,0
q204,2022-07-01,47700.0,0
q204,2022-10-01,45800.0,0
q204,2023-01-01,43200.0,0
q204,2023-04-01,59600.0,0
q204,2023-07-01,48700.0,0
q204,2023-10-01,48600.0,0
q205,2022-01-01,25900.0,0
q205,2022-04-01,25200.0,0
q205,2022-07-01,27500.0,0
q205,2022-10-01,21700.0,0
q205,2023-01-01,23600.0,0
q205,2023-04-01,27500.0,0
q205,2023-07-01,35200.0,1
q205,2023-10-01,28500.0,0
q206,2022-01-01,7400.0,0
q206,2022-04-01,7900.0,0
q206,2022-07-01,7000.0,0
q206,2022-10-01,8300.0,0
q206,2023-01-01,7100.0,0
q206,2023-04-01,9000.0,0
q206,2023-07-01,6700.0,0
q206,2023-10-01,7900.0,0
q207,2022-01-01,7900.0,0
q207,2022-04-01,12400.0,0
q207,2022-07-01,9200.0,0
q207,2022-10-01,7800.0,0
q207,2023-01-01,8000.0,0
q207,2023-04-01,12700.0,0
q207,2023-07-01,9700.0,0
q207,2023-10-01,8200.0,0
q208,2022-01-01,800.0,0
q208,2022-04-01,1100.0,0
q208,2022-07-01,500.0,0
q208,2022-10-01,1400.0,0
q208,2023-01-01,900.0,0
q208,2023-04-01,1200.0,0
q208,2023-07-01,900.0,0
q208,2023-10-01,1200.0,0
q209,2022-01-01,147600.0,0
q209,2022-04-01,163300.0,0
q209,2022-07-01,140700.0,0
q209,2022-10-01,151000.0,0
q209,2023-01-01,148500.0,0
q209,2023-04-01,180500.0,0
q209,2023-07-01,159600.0,0
q209,2023-10-01,167900.0,0
q21,2022-01-01,3290.0,0
q21,2022-04-01,2323.0,0
q21,2022-07-01,2513.0,0
q21,2022-10-01,2883.0,0
q21,2023-01-01,3265.0,0
q21,2023-04-01,2348.0,0
q21,2023-07-01,2584.0,0
q21,2023-10-01,3113.0,0
q210,2022-01-01,16600.0,0
q210,2022-04-01,41200.0,0
q210,2022-07-01,25100.0,0
q210,2022-10-01,16300.0,0
q210,2023-01-01,19000.0,0
q210,2023-04-01,45700.0,1
q210,2023-07-01,30300.0,1
q210,2023-10-01,18800.0,0
q211,2022-01-01,400.0,0
q211,2022-04-01,1900.0,0
q211,2022-07-01,1000.0,0
q211,2022-10-01,900.0,0
q211,2023-01-01,1100.0,0
q211,2023-04-01,2500.0,0
q211,2023-07-01,1300.0,0
q211,2023-10-01,800.0,0
q212,2022-01-01,2300.0,0
q212,2022-04-01,5100.0,1
q212,2022-07-01,2600.0,0
q212,2022-10-01,1600.0,0
q212,2023-01-01,1800.0,0
q212,2023-04-01,4200.0,0
q212,2023-07-01,2600.0,0
q212,2023-10-01,2100.0,0
q213,2022-01-01,6000.0,0
q213,2022-04-01,9400.0,0
q213,2022-07-01,4700.0,0
q213,2022-10-01,5800.0,0
q213,2023-01-01,4600.0,0
q213,2023-04-01,7400.0,0
q213,2023-07-01,4300.0,0
q213,2023-10-01,4600.0,0
q214,2022-01-01,3300.0,0
q214,2022-04-01,4800.0,0
q214,2022-07-01,3200.0,0
q214,2022-10-01,3000.0,0
q214,2023-01-01,4000.0,0
q214,2023-04-01,5700.0,0
q214,2023-07-01,3500.0,0
q214,2023-10-01,4300.0,0
q215,2022-01-01,28600.0,0
q215,2022-04-01,62300.0,0
q215,2022-07-01,36800.0,0
q215,2022-10-01,27500.0,0
q215,2023-01-01,30400.0,0
q215,2023-04-01,65300.0,1
q215,2023-07-01,42100.0,0
q215,2023-10-01,30600.0,0
q216,2022-01-01,1700.0,0
q216,2022-04-01,2800.0,0
q216,2022-07-01,2100.0,0
q216,2022-10-01,1100.0,0
q216,2023-01-01,1600.0,0
q216,2023-04-01,3400.0,0
q216,2023-07-01,2600.0,0
q216,2023-10-01,1200.0,0
q217,2022-01-01,1900.0,0
q217,2022-04-01,3300.0,0
q217,2022-07-01,2600.0,0
q217,2022-10-01,1900.0,0
q217,2023-01-01,2400.0,0
q217,2023-04-01,2800.0,0
q217,2023-07-01,2500.0,0
q217,2023-10-01,2100.0,0
q218,2022-01-01,25500.0,0
q218,2022-04-01,18300.0,0
q218,2022-07-01,15000.0,0
q218,2022-10-01,29700.0,0
q218,2023-01-01,27100.0,0
q218,2023-04-01,18600.0,0
q218,2023-07-01,17100.0,0
q218,2023-10-01,29200.0,0
q219,2022-01-01,1800.0,0
q219,2022-04-01,4300.0,0
q219,2022-07-01,2200.0,0
q219,2022-10-01,1500.0,0
q219,2023-01-01,2400.0,0
q219,2023-04-01,4400.0,0
q219,2023-07-01,2000.0,0
q219,2023-10-01,2200.0,0
q22,2022-01-01,3173.0,0
q22,2022-04-01,2147.0,0
q22,2022-07-01,2193.0,0
q22,2022-10-01,2885.0,0
q22,2023-01-01,3411.0,1
q22,2023-04-01,2226.0,0
q22,2023-07-01,2074.0,0
q22,2023-10-01,2917.0,0
q220,2022-01-01,1300.0,0
q220,2022-04-01,2100.0,0
q220,2022-07-01,1500.0,0
q220,2022-10-01,1300.0,0
q220,2023-01-01,1400.0,0
q220,2023-04-01,2900.0,0
q220,2023-07-01,1500.0,0
q220,2023-10-01,2200.0,0
q221,2022-01-01,111000.0,0
q221,2022-04-01,117200.0,0
q221,2022-07-01,90400.0,0
q221,2022-10-01,119300.0,0
q221,2023-01-01,115700.0,0
q221,2023-04-01,114900.0,0
q221,2023-07-01,95300.0,0
q221,2023-10-01,124700.0,0
q222,2022-01-01,5100.0,0
q222,2022-04-01,7100.0,0
q222,2022-07-01,4600.0,0
q222,2022-10-01,5000.0,0
q222,2023-01-01,4600.0,0
q222,2023-04-01,6900.0,0
q222,2023-07-01,5400.0,0
q222,2023-10-01,5900.0,0
q223,2022-01-01,148000.0,0
q223,2022-04-01,155000.0,0
q223,2022-07-01,118100.0,0
q223,2022-10-01,160000.0,0
q223,2023-01-01,155400.0,0
q223,2023-04-01,154000.0,0
q223,2023-07-01,126300.0,0
q223,2023-10-01,167500.0,0
q224,2022-01-01,2500.0,0
q224,2022-04-01,2700.0,0
q224,2022-07-01,2000.0,0
q224,2022-10-01,2400.0,0
q224,2023-01-01,2800.0,0
q224,2023-04-01,3100.0,0
q224,2023-07-01,2000.0,0
q224,2023-10-01,3000.0,0
q225,2022-01-01,11200.0,0
q225,2022-04-01,16000.0,0
q225,2022-07-01,12300.0,0
q225,2022-10-01,13100.0,0
q225,2023-01-01,13700.0,0
q225,2023-04-01,18200.0,0
q225,2023-07-01,13000.0,0
q225,2023-10-01,13800.0,0
q226,2022-01-01,5800.0,0
q226,2022-04-01,6400.0,0
q226,2022-07-01,5800.0,0
q226,2022-10-01,6200.0,0
q226,2023-01-01,6700.0,0
q226,2023-04-01,8000.0,0
q226,2023-07-01,6500.0,0
q226,2023-10-01,6700.0,0
q227,2022-01-01,19500.0,0
q227,2022-04-01,25100.0,0
q227,2022-07-01,20100.0,0
q227,2022-10-01,21600.0,0
q227,2023-01-01,23300.0,0
q227,2023-04-01,29400.0,0
q227,2023-07-01,21600.0,0
q227,2023-10-01,23500.0,0
q228,2022-01-01,11000.0,0
q228,2022-04-01,4300.0,0
q228,2022-07-01,2100.0,0
q228,2022-10-01,10100.0,0
q228,2023-01-01,9500.0,0
q228,2023-04-01,4300.0,0
q228,2023-07-01,2800.0,0
q228,2023-10-01,8300.0,0
q229,2022-01-01,1288300.0,0
q229,2022-04-01,1240900.0,0
q229,2022-07-01,1003400.0,0
q229,2022-10-01,1302300.0,0
q229,2023-01-01,1299800.0,0
q229,2023-04-01,1335100.0,0
q229,2023-07-01,1106900.0,0
q229,2023-10-01,1385300.0,0
q23,2022-01-01,2112.0,0
q23,2022-04-01,1946.0,0
q23,2022-07-01,1797.0,0
q23,2022-10-01,2053.0,0
q23,2023-01-01,2081.0,0
q23,2023-04-01,1956.0,0
q23,2023-07-01,1813.0,0
q23,2023-10-01,2173.0,0
q230,2022-01-01,844.0,0
q230,2022-04-01,1202.0,0
q230,2022-07-01,1508.0,0
q230,2022-10-01,961.0,0
q230,2023-01-01,1187.0,0
q230,2023-04-01,1627.0,0
q230,2023-07-01,1654.0,0
q230,2023-10-01,1217.0,0
q231,2022-01-01,3365.0,0
q231,2022-04-01,3981.0,0
q231,2022-07-01,4533.0,0
q231,2022-10-01,3152.0,0
q231,2023-01-01,3901.0,0
q231,2023-04-01,5136.0,0
q231,2023-07-01,5318.0,1
q231,2023-10-01,3686.0,0
q232,2022-01-01,983.0,0
q232,2022-04-01,1481.0,0
q232,2022-07-01,1523.0,0
q232,2022-10-01,1262.0,0
q232,2023-01-01,1744.0,1
q232,2023-04-01,2151.0,1
q232,2023-07-01,1979.0,1
q232,2023-10-01,1871.0,1
q233,2022-01-01,134.0,0
q233,2022-04-01,238.0,0
q233,2022-07-01,144.0,0
q233,2022-10-01,206.0,0
q233,2023-01-01,141.0,0
q233,2023-04-01,209.0,0
q233,2023-07-01,274.0,0
q233,2023-10-01,174.0,0
q234,2022-01-01,1394.0,0
q234,2022-04-01,1253.0,0
q234,2022-07-01,1329.0,0
q234,2022-10-01,1207.0,0
q234,2023-01-01,1549.0,0
q234,2023-04-01,1918.0,0
q234,2023-07-01,1652.0,0
q234,2023-10-01,1376.0,0
q235,2022-01-01,6720.0,0
q235,2022-04-01,8155.0,0
q235,2022-07-01,9037.0,0
q235,2022-10-01,6788.0,0
q235,2023-01-01,8522.0,0
q235,2023-04-01,11041.0,1
q235,2023-07-01,10877.0,0
q235,2023-10-01,8324.0,0
q236,2022-01-01,86872.0,0
q236,2022-04-01,93719.0,0
q236,2022-07-01,64939.0,0
q236,2022-10-01,96735.0,0
q236,2023-01-01,95258.0,0
q236,2023-04-01,95040.0,0
q236,2023-07-01,70640.0,0
q236,2023-10-01,109097.0,0
q237,2022-01-01,102468.0,0
q237,2022-04-01,80601.0,0
q237,2022-07-01,69232.0,0
q237,2022-10-01,61422.0,0
q237,2023-01-01,107554.0,0
q237,2023-04-01,85492.0,0
q237,2023-07-01,70474.0,0
q237,2023-10-01,64419.0,0
q238,2022-01-01,36796.0,0
q238,2022-04-01,38005.0,0
q238,2022-07-01,39512.0,0
q238,2022-10-01,39231.0,0
q238,2023-01-01,40230.0,0
q238,2023-04-01,39063.0,0
q238,2023-07-01,41877.0,0
q238,2023-10-01,41330.0,0
q239,2022-01-01,17718.0,0
q239,2022-04-01,15552.0,0
q239,2022-07-01,20188.0,0
q239,2022-10-01,21066.0,0
q239,2023-01-01,20260.0,0
q239,2023-04-01,18772.0,0
q239,2023-07-01,16710.0,0
q239,2023-10-01,24019.0,0
q24,2022-01-01,991.0,0
q24,2022-04-01,907.0,0
q24,2022-07-01,1432.0,1
q24,2022-10-01,1024.0,0
q24,2023-01-01,1068.0,0
q24,2023-04-01,978.0,0
q24,2023-07-01,1558.0,1
q24,2023-10-01,1172.0,1
q240,2022-01-01,243854.0,0
q240,2022-04-01,227877.0,0
q240,2022-07-01,193871.0,0
q240,2022-10-01,218454.0,0
q240,2023-01-01,263302.0,0
q240,2023-04-01,238367.0,0
q240,2023-07-01,199701.0,0
q240,2023-10-01,238865.0,0
q241,2022-01-01,37862.0,0
q241,2022-04-01,53138.0,0
q241,2022-07-01,24303.0,0
q241,2022-10-01,19539.0,0
q241,2023-01-01,40116.0,0
q241,2023-04-01,50517.0,0
q241,2023-07-01,24564.0,0
q241,2023-10-01,17990.0,0
q242,2022-01-01,13080.0,0
q242,2022-04-01,12834.0,0
q242,2022-07-01,10407.0,0
q242,2022-10-01,8256.0,0
q242,2023-01-01,12678.0,0
q242,2023-04-01,12129.0,0
q242,2023-07-01,8660.0,0
q242,2023-10-01,6728.0,0
q243,2022-01-01,5841.0,0
q243,2022-04-01,6062.0,0
q243,2022-07-01,4407.0,0
q243,2022-10-01,4410.0,0
q243,2023-01-01,6494.0,0
q243,2023-04-01,5873.0,0
q243,2023-07-01,4350.0,0
q243,2023-10-01,4652.0,0
q244,2022-01-01,5349.0,0
q244,2022-04-01,6987.0,0
q244,2022-07-01,5636.0,0
q244,2022-10-01,6174.0,0
q244,2023-01-01,4188.0,0
q244,2023-04-01,7327.0,0
q244,2023-07-01,6130.0,0
q244,2023-10-01,5407.0,0
q245,2022-01-01,62132.0,0
q245,2022-04-01,79021.0,0
q245,2022-07-01,44753.0,0
q245,2022-10-01,38379.0,0
q245,2023-01-01,63476.0,0
q245,2023-04-01,75846.0,0
q245,2023-07-01,43704.0,0
q245,2023-10-01,34777.0,0
q246,2022-01-01,6983.0,0
q246,2022-04-01,11394.0,0
q246,2022-07-01,3117.0,0
q246,2022-10-01,3222.0,0
q246,2023-01-01,8140.0,0
q246,2023-04-01,12520.0,0
q246,2023-07-01,2962.0,0
q246,2023-10-01,3022.0,0
q247,2022-01-01,4160.0,0
q247,2022-04-01,5062.0,0
q247,2022-07-01,2325.0,0
q247,2022-10-01,1770.0,0
q247,2023-01-01,4672.0,0
q247,2023-04-01,4612.0,0
q247,2023-07-01,2097.0,0
q247,2023-10-01,2183.0,0
q248,2022-01-01,489.0,0
q248,2022-04-01,800.0,0
q248,2022-07-01,457.0,0
q248,2022-10-01,660.0,0
q248,2023-01-01,828.0,0
q248,2023-04-01,863.0,0
q248,2023-07-01,663.0,0
q248,2023-10-01,551.0,0
q249,2022-01-01,1118.0,0
q249,2022-04-01,1280.0,0
q249,2022-07-01,600.0,0
q249,2022-10-01,840.0,0
q249,2023-01-01,788.0,0
q249,2023-04-01,1266.0,0
q249,2023-07-01,989.0,0
q249,2023-10-01,695.0,0
q25,2022-01-01,5183.0,0
q25,2022-04-01,4319.0,0
q25,2022-07-01,3861.0,0
q25,2022-10-01,4874.0,0
q25,2023-01-01,5252.0,0
q25,2023-04-01,4323.0,0
q25,2023-07-01,3720.0,0
q25,2023-10-01,4966.0,0
q250,2022-01-01,12750.0,0
q250,2022-04-01,18536.0,0
q250,2022-07-01,6499.0,0
q250,2022-10-01,6492.0,0
q250,2023-01-01,14428.0,0
q250,2023-04-01,19261.0,0
q250,2023-07-01,6711.0,0
q250,2023-10-01,6451.0,0
q251,2022-01-01,2323.0,0
q251,2022-04-01,2753.0,0
q251,2022-07-01,1637.0,0
q251,2022-10-01,2121.0,0
q251,2023-01-01,3048.0,0
q251,2023-04-01,3449.0,0
q251,2023-07-01,1984.0,0
q251,2023-10-01,2317.0,0
q252,2022-01-01,851.0,0
q252,2022-04-01,499.0,0
q252,2022-07-01,369.0,0
q252,2022-10-01,567.0,0
q252,2023-01-01,806.0,0
q252,2023-04-01,643.0,0
q252,2023-07-01,570.0,0
q252,2023-10-01,650.0,0
q253,2022-01-01,324.0,0
q253,2022-04-01,189.0,0
q253,2022-07-01,287.0,0
q253,2022-10-01,132.0,0
q253,2023-01-01,404.0,0
q253,2023-04-01,166.0,0
q253,2023-07-01,297.0,0
q253,2023-10-01,111.0,0
q254,2022-01-01,1188.0,0
q254,2022-04-01,1790.0,1
q254,2022-07-01,1317.0,0
q254,2022-10-01,1380.0,0
q254,2023-01-01,1548.0,1
q254,2023-04-01,1896.0,1
q254,2023-07-01,1333.0,0
q254,2023-10-01,1804.0,1
q255,2022-01-01,4686.0,0
q255,2022-04-01,5231.0,0
q255,2022-07-01,3610.0,0
q255,2022-10-01,4200.0,0
q255,2023-01-01,5806.0,1
q255,2023-04-01,6154.0,1
q255,2023-07-01,4184.0,1
q255,2023-10-01,4882.0,1
q256,2022-01-01,626.0,0
q256,2022-04-01,704.0,0
q256,2022-07-01,605.0,0
q256,2022-10-01,612.0,0
q256,2023-01-01,862.0,0
q256,2023-04-01,827.0,0
q256,2023-07-01,674.0,0
q256,2023-10-01,764.0,0
q257,2022-01-01,336.0,0
q257,2022-04-01,256.0,0
q257,2022-07-01,167.0,0
q257,2022-10-01,246.0,0
q257,2023-01-01,266.0,0
q257,2023-04-01,143.0,0
q257,2023-07-01,112.0,0
q257,2023-10-01,190.0,0
q258,2022-01-01,48.0,0
q258,2022-04-01,71.0,0
q258,2022-07-01,75.0,0
q258,2022-10-01,63.0,0
q258,2023-01-01,44.0,0
q258,2023-04-01,74.0,0
q258,2023-07-01,106.0,0
q258,2023-10-01,158.0,0
q259,2022-01-01,207.0,0
q259,2022-04-01,207.0,0
q259,2022-07-01,176.0,0
q259,2022-10-01,243.0,0
q259,2023-01-01,148.0,0
q259,2023-04-01,166.0,0
q259,2023-07-01,107.0,0
q259,2023-10-01,212.0,0
q26,2022-01-01,1230.0,1
q26,2022-04-01,652.0,0
q26,2022-07-01,590.0,0
q26,2022-10-01,974.0,0
q26,2023-01-01,1356.0,1
q26,2023-04-01,690.0,0
q26,2023-07-01,606.0,0
q26,2023-10-01,1026.0,0
q260,2022-01-01,1217.0,0
q260,2022-04-01,1238.0,0
q260,2022-07-01,1023.0,0
q260,2022-10-01,1164.0,0
q260,2023-01-01,1320.0,0
q260,2023-04-01,1210.0,0
q260,2023-07-01,999.0,0
q260,2023-10-01,1324.0,0
q261,2022-01-01,47794.0,0
q261,2022-04-01,67989.0,0
q261,2022-07-01,29662.0,0
q261,2022-10-01,25494.0,0
q261,2023-01-01,52166.0,0
q261,2023-04-01,67313.0,0
q261,2023-07-01,30184.0,0
q261,2023-10-01,24093.0,0
q262,2022-01-01,18427.0,0
q262,2022-04-01,18651.0,0
q262,2022-07-01,13268.0,0
q262,2022-10-01,10839.0,0
q262,2023-01-01,18422.0,0
q262,2023-04-01,17527.0,0
q262,2023-07-01,11439.0,0
q262,2023-10-01,9751.0,0
q263,2022-01-01,6702.0,0
q263,2022-04-01,7122.0,0
q263,2022-07-01,5226.0,0
q263,2022-10-01,5265.0,0
q263,2023-01-01,7770.0,0
q263,2023-04-01,6976.0,0
q263,2023-07-01,5416.0,0
q263,2023-10-01,5472.0,0
q264,2022-01-01,7862.0,0
q264,2022-04-01,10264.0,0
q264,2022-07-01,7729.0,0
q264,2022-10-01,8637.0,0
q264,2023-01-01,6672.0,0
q264,2023-04-01,10655.0,0
q264,2023-07-01,8559.0,0
q264,2023-10-01,8118.0,0
q265,2022-01-01,80785.0,0
q265,2022-04-01,104026.0,0
q265,2022-07-01,55885.0,0
q265,2022-10-01,50235.0,0
q265,2023-01-01,85030.0,0
q265,2023-04-01,102471.0,0
q265,2023-07-01,55598.0,0
q265,2023-10-01,47434.0,0
q266,2022-01-01,36011.0,0
q266,2022-04-01,35096.0,0
q266,2022-07-01,18628.0,0
q266,2022-10-01,20877.0,0
q266,2023-01-01,31150.0,0
q266,2023-04-01,30468.0,0
q266,2023-07-01,16880.0,0
q266,2023-10-01,20563.0,0
q267,2022-01-01,3526.0,0
q267,2022-04-01,3663.0,0
q267,2022-07-01,1878.0,0
q267,2022-10-01,3006.0,0
q267,2023-01-01,3250.0,0
q267,2023-04-01,2888.0,1
q267,2023-07-01,1587.0,0
q267,2023-10-01,2626.0,0
q268,2022-01-01,1777.0,0
q268,2022-04-01,1836.0,0
q268,2022-07-01,1261.0,0
q268,2022-10-01,1635.0,0
q268,2023-01-01,1644.0,0
q268,2023-04-01,1598.0,0
q268,2023-07-01,1253.0,0
q268,2023-10-01,1196.0,0
q269,2022-01-01,1842.0,0
q269,2022-04-01,4440.0,0
q269,2022-07-01,2551.0,0
q269,2022-10-01,3264.0,0
q269,2023-01-01,2222.0,0
q269,2023-04-01,3801.0,0
q269,2023-07-01,2129.0,0
q269,2023-10-01,2747.0,0
q27,2022-01-01,1079.0,0
q27,2022-04-01,580.0,0
q27,2022-07-01,324.0,0
q27,2022-10-01,867.0,0
q27,2023-01-01,1182.0,0
q27,2023-04-01,617.0,0
q27,2023-07-01,309.0,0
q27,2023-10-01,913.0,0
q270,2022-01-01,43156.0,0
q270,2022-04-01,45035.0,0
q270,2022-07-01,24318.0,0
q270,2022-10-01,28782.0,0
q270,2023-01-01,38266.0,0
q270,2023-04-01,38755.0,0
q270,2023-07-01,21849.0,0
q270,2023-10-01,27132.0,0
q271,2022-01-01,4691.0,0
q271,2022-04-01,5371.0,0
q271,2022-07-01,2800.0,0
q271,2022-10-01,3594.0,0
q271,2023-01-01,3860.0,0
q271,2023-04-01,5360.0,0
q271,2023-07-01,2779.0,0
q271,2023-10-01,3232.0,0
q272,2022-01-01,1330.0,0
q272,2022-04-01,1687.0,0
q272,2022-07-01,1240.0,0
q272,2022-10-01,1140.0,0
q272,2023-01-01,1196.0,0
q272,2023-04-01,1683.0,0
q272,2023-07-01,1214.0,0
q272,2023-10-01,1275.0,0
q273,2022-01-01,213.0,0
q273,2022-04-01,442.0,0
q273,2022-07-01,236.0,0
q273,2022-10-01,180.0,0
q273,2023-01-01,140.0,0
q273,2023-04-01,304.0,0
q273,2023-07-01,277.0,0
q273,2023-10-01,182.0,0
q274,2022-01-01,1322.0,0
q274,2022-04-01,1737.0,0
q274,2022-07-01,724.0,0
q274,2022-10-01,1878.0,0
q274,2023-01-01,1600.0,0
q274,2023-04-01,1712.0,0
q274,2023-07-01,1028.0,0
q274,2023-10-01,1311.0,0
q275,2022-01-01,7556.0,0
q275,2022-04-01,9237.0,0
q275,2022-07-01,5000.0,0
q275,2022-10-01,6792.0,0
q275,2023-01-01,6796.0,0
q275,2023-04-01,9059.0,0
q275,2023-07-01,5298.0,0
q275,2023-10-01,6000.0,0
q276,2022-01-01,4047.0,0
q276,2022-04-01,4276.0,0
q276,2022-07-01,2451.0,0
q276,2022-10-01,2400.0,0
q276,2023-01-01,3898.0,0
q276,2023-04-01,4318.0,0
q276,2023-07-01,2005.0,0
q276,2023-10-01,1785.0,0
q277,2022-01-01,1962.0,0
q277,2022-04-01,1369.0,1
q277,2022-07-01,1552.0,0
q277,2022-10-01,1542.0,0
q277,2023-01-01,1712.0,0
q277,2023-04-01,1688.0,0
q277,2023-07-01,1421.0,0
q277,2023-10-01,1616.0,0
q278,2022-01-01,781.0,0
q278,2022-04-01,640.0,0
q278,2022-07-01,412.0,0
q278,2022-10-01,699.0,0
q278,2023-01-01,500.0,0
q278,2023-04-01,595.0,0
q278,2023-07-01,627.0,0
q278,2023-10-01,867.0,0
q279,2022-01-01,322.0,0
q279,2022-04-01,752.0,0
q279,2022-07-01,331.0,0
q279,2022-10-01,720.0,0
q279,2023-01-01,316.0,0
q279,2023-04-01,710.0,0
q279,2023-07-01,399.0,0
q279,2023-10-01,561.0,0
q28,2022-01-01,9519.0,0
q28,2022-04-01,5088.0,0
q28,2022-07-01,4093.0,0
q28,2022-10-01,7749.0,0
q28,2023-01-01,10035.0,0
q28,2023-04-01,5425.0,0
q28,2023-07-01,4128.0,0
q28,2023-10-01,8040.0,0
q280,2022-01-01,7112.0,0
q280,2022-04-01,7037.0,0
q280,2022-07-01,4746.0,0
q280,2022-10-01,5361.0,0
q280,2023-01-01,6426.0,0
q280,2023-04-01,7311.0,0
q280,2023-07-01,4452.0,0
q280,2023-10-01,4829.0,0
q281,2022-01-01,20766.0,0
q281,2022-04-01,22392.0,0
q281,2022-07-01,15592.0,0
q281,2022-10-01,16797.0,0
q281,2023-01-01,22728.0,0
q281,2023-04-01,22859.0,0
q281,2023-07-01,15708.0,0
q281,2023-10-01,13933.0,0
q282,2022-01-01,5063.0,0
q282,2022-04-01,4545.0,0
q282,2022-07-01,3111.0,0
q282,2022-10-01,3915.0,0
q282,2023-01-01,5064.0,0
q282,2023-04-01,3783.0,0
q282,2023-07-01,3353.0,0
q282,2023-10-01,3693.0,0
q283,2022-01-01,1013.0,0
q283,2022-04-01,681.0,0
q283,2022-07-01,467.0,0
q283,2022-10-01,906.0,0
q283,2023-01-01,1076.0,0
q283,2023-04-01,916.0,0
q283,2023-07-01,516.0,0
q283,2023-10-01,548.0,0
q284,2022-01-01,3249.0,0
q284,2022-04-01,4357.0,0
q284,2022-07-01,2691.0,0
q284,2022-10-01,3699.0,0
q284,2023-01-01,3340.0,0
q284,2023-04-01,4732.0,0
q284,2023-07-01,2587.0,0
q284,2023-10-01,3073.0,0
q285,2022-01-01,30091.0,0
q285,2022-04-01,31975.0,0
q285,2022-07-01,21861.0,0
q285,2022-10-01,25317.0,0
q285,2023-01-01,32208.0,0
q285,2023-04-01,32290.0,0
q285,2023-07-01,22164.0,0
q285,2023-10-01,21247.0,0
q286,2022-01-01,14970.0,0
q286,2022-04-01,13998.0,0
q286,2022-07-01,12174.0,0
q286,2022-10-01,11787.0,0
q286,2023-01-01,19656.0,1
q286,2023-04-01,21662.0,1
q286,2023-07-01,15166.0,1
q286,2023-10-01,15276.0,1
q287,2022-01-01,3280.0,0
q287,2022-04-01,2832.0,0
q287,2022-07-01,2813.0,0
q287,2022-10-01,2928.0,0
q287,2023-01-01,3992.0,0
q287,2023-04-01,4227.0,1
q287,2023-07-01,3210.0,0
q287,2023-10-01,2941.0,0
q288,2022-01-01,8316.0,0
q288,2022-04-01,4515.0,0
q288,2022-07-01,5390.0,0
q288,2022-10-01,5133.0,0
q288,2023-01-01,7844.0,0
q288,2023-04-01,3914.0,0
q288,2023-07-01,4721.0,0
q288,2023-10-01,3787.0,0
q289,2022-01-01,3310.0,0
q289,2022-04-01,3388.0,0
q289,2022-07-01,2647.0,0
q289,2022-10-01,3363.0,0
q289,2023-01-01,3256.0,0
q289,2023-04-01,3578.0,0
q289,2023-07-01,2164.0,0
q289,2023-10-01,2978.0,0
q29,2022-01-01,2875.0,0
q29,2022-04-01,2638.0,0
q29,2022-07-01,2498.0,0
q29,2022-10-01,2779.0,0
q29,2023-01-01,2971.0,0
q29,2023-04-01,2664.0,0
q29,2023-07-01,2442.0,0
q29,2023-10-01,3060.0,0
q290,2022-01-01,29876.0,0
q290,2022-04-01,24733.0,0
q290,2022-07-01,23024.0,0
q290,2022-10-01,23211.0,0
q290,2023-01-01,34748.0,0
q290,2023-04-01,33381.0,1
q290,2023-07-01,25261.0,0
q290,2023-10-01,24982.0,0
q291,2022-01-01,44522.0,0
q291,2022-04-01,46086.0,0
q291,2022-07-01,33039.0,0
q291,2022-10-01,34623.0,0
q291,2023-01-01,50190.0,0
q291,2023-04-01,54324.0,0
q291,2023-07-01,35658.0,0
q291,2023-10-01,34294.0,0
q292,2022-01-01,11683.0,0
q292,2022-04-01,10504.0,0
q292,2022-07-01,8773.0,0
q292,2022-10-01,9546.0,0
q292,2023-01-01,12016.0,0
q292,2023-04-01,11381.0,0
q292,2023-07-01,9277.0,0
q292,2023-10-01,9547.0,0
q293,2022-01-01,10323.0,0
q293,2022-04-01,6278.0,0
q293,2022-07-01,6505.0,0
q293,2022-10-01,6939.0,0
q293,2023-01-01,9560.0,0
q293,2023-04-01,5729.0,0
q293,2023-07-01,6178.0,0
q293,2023-10-01,5384.0,0
q294,2022-01-01,8203.0,0
q294,2022-04-01,10234.0,0
q294,2022-07-01,6393.0,0
q294,2022-10-01,9705.0,0
q294,2023-01-01,8534.0,0
q294,2023-04-01,10755.0,0
q294,2023-07-01,6197.0,0
q294,2023-10-01,7947.0,0
q295,2022-01-01,74731.0,0
q295,2022-04-01,73102.0,0
q295,2022-07-01,54710.0,0
q295,2022-10-01,60813.0,0
q295,2023-01-01,80300.0,0
q295,2023-04-01,82189.0,0
q295,2023-07-01,57310.0,0
q295,2023-10-01,57172.0,0
q296,2022-01-01,7686.0,0
q296,2022-04-01,2803.0,0
q296,2022-07-01,3208.0,0
q296,2022-10-01,2298.0,0
q296,2023-01-01,7096.0,0
q296,2023-04-01,2319.0,0
q296,2023-07-01,2867.0,0
q296,2023-10-01,1785.0,0
q297,2022-01-01,2051.0,1
q297,2022-04-01,792.0,0
q297,2022-07-01,1122.0,0
q297,2022-10-01,795.0,0
q297,2023-01-01,1846.0,0
q297,2023-04-01,1307.0,0
q297,2023-07-01,1028.0,0
q297,2023-10-01,1171.0,0
q298,2022-01-01,1293.0,0
q298,2022-04-01,1515.0,0
q298,2022-07-01,1398.0,0
q298,2022-10-01,1425.0,0
q298,2023-01-01,1166.0,0
q298,2023-04-01,1128.0,0
q298,2023-07-01,1274.0,0
q298,2023-10-01,1127.0,0
q299,2022-01-01,752.0,0
q299,2022-04-01,1221.0,0
q299,2022-07-01,605.0,0
q299,2022-10-01,336.0,0
q299,2023-01-01,542.0,0
q299,2023-04-01,1153.0,0
q299,2023-07-01,894.0,0
q299,2023-10-01,607.0,0
q3,2022-01-01,260754.0,0
q3,2022-04-01,293599.0,0
q3,2022-07-01,274916.0,0
q3,2022-10-01,313820.0,0
q3,2023-01-01,264012.0,0
q3,2023-04-01,300244.0,0
q3,2023-07-01,276400.0,0
q3,2023-10-01,318369.0,0
q30,2022-01-01,2992.0,0
q30,2022-04-01,2694.0,0
q30,2022-07-01,2610.0,0
q30,2022-10-01,2974.0,0
q30,2023-01-01,3282.0,0
q30,2023-04-01,2925.0,0
q30,2023-07-01,2813.0,0
q30,2023-10-01,3227.0,0
q300,2022-01-01,11782.0,0
q300,2022-04-01,6331.0,0
q300,2022-07-01,6333.0,0
q300,2022-10-01,4854.0,0
q300,2023-01-01,10650.0,0
q300,2023-04-01,5907.0,0
q300,2023-07-01,6063.0,0
q300,2023-10-01,4690.0,0
q301,2022-01-01,4542.0,0
q301,2022-04-01,2122.0,0
q301,2022-07-01,3206.0,0
q301,2022-10-01,1911.0,0
q301,2023-01-01,3716.0,0
q301,2023-04-01,1898.0,0
q301,2023-07-01,2773.0,0
q301,2023-10-01,1932.0,0
q302,2022-01-01,2180.0,0
q302,2022-04-01,1025.0,0
q302,2022-07-01,1075.0,0
q302,2022-10-01,1128.0,0
q302,2023-01-01,1590.0,0
q302,2023-04-01,1210.0,0
q302,2023-07-01,1381.0,0
q302,2023-10-01,838.0,0
q303,2022-01-01,376.0,0
q303,2022-04-01,441.0,0
q303,2022-07-01,354.0,0
q303,2022-10-01,486.0,0
q303,2023-01-01,434.0,0
q303,2023-04-01,365.0,0
q303,2023-07-01,378.0,0
q303,2023-10-01,417.0,0
q304,2022-01-01,750.0,0
q304,2022-04-01,678.0,0
q304,2022-07-01,531.0,0
q304,2022-10-01,453.0,0
q304,2023-01-01,840.0,0
q304,2023-04-01,720.0,0
q304,2023-07-01,888.0,0
q304,2023-10-01,438.0,0
q305,2022-01-01,7848.0,0
q305,2022-04-01,4266.0,0
q305,2022-07-01,5166.0,0
q305,2022-10-01,3978.0,0
q305,2023-01-01,6580.0,0
q305,2023-04-01,4193.0,0
q305,2023-07-01,5420.0,0
q305,2023-10-01,3625.0,0
q306,2022-01-01,2441.0,0
q306,2022-04-01,1279.0,0
q306,2022-07-01,3774.0,0
q306,2022-10-01,1794.0,0
q306,2023-01-01,2476.0,0
q306,2023-04-01,1405.0,0
q306,2023-07-01,5015.0,0
q306,2023-10-01,1815.0,0
q307,2022-01-01,822.0,0
q307,2022-04-01,589.0,0
q307,2022-07-01,834.0,0
q307,2022-10-01,639.0,0
q307,2023-01-01,716.0,0
q307,2023-04-01,664.0,0
q307,2023-07-01,1028.0,0
q307,2023-10-01,644.0,0
q308,2022-01-01,278.0,0
q308,2022-04-01,534.0,0
q308,2022-07-01,446.0,0
q308,2022-10-01,132.0,0
q308,2023-01-01,338.0,0
q308,2023-04-01,495.0,0
q308,2023-07-01,293.0,0
q308,2023-10-01,735.0,1
q309,2022-01-01,809.0,0
q309,2022-04-01,1562.0,0
q309,2022-07-01,1078.0,0
q309,2022-10-01,987.0,0
q309,2023-01-01,854.0,0
q309,2023-04-01,1681.0,0
q309,2023-07-01,1283.0,0
q309,2023-10-01,1008.0,0
q31,2022-01-01,1384.0,0
q31,2022-04-01,725.0,0
q31,2022-07-01,615.0,0
q31,2022-10-01,1183.0,0
q31,2023-01-01,1464.0,0
q31,2023-04-01,826.0,0
q31,2023-07-01,623.0,0
q31,2023-10-01,1267.0,0
q310,2022-01-01,4350.0,0
q310,2022-04-01,3964.0,0
q310,2022-07-01,6132.0,0
q310,2022-10-01,3552.0,0
q310,2023-01-01,4384.0,0
q310,2023-04-01,4245.0,0
q310,2023-07-01,7619.0,0
q310,2023-10-01,4202.0,0
q311,2022-01-01,1891.0,0
q311,2022-04-01,353.0,0
q311,2022-07-01,432.0,0
q311,2022-10-01,351.0,0
q311,2023-01-01,1766.0,0
q311,2023-04-01,477.0,0
q311,2023-07-01,705.0,0
q311,2023-10-01,397.0,0
q312,2022-01-01,747.0,0
q312,2022-04-01,514.0,0
q312,2022-07-01,426.0,0
q312,2022-10-01,360.0,0
q312,2023-01-01,686.0,0
q312,2023-04-01,365.0,0
q312,2023-07-01,406.0,0
q312,2023-10-01,254.0,0
q313,2022-01-01,236.0,0
q313,2022-04-01,124.0,0
q313,2022-07-01,228.0,0
q313,2022-10-01,174.0,0
q313,2023-01-01,214.0,0
q313,2023-04-01,199.0,0
q313,2023-07-01,38.0,0
q313,2023-10-01,230.0,0
q314,2022-01-01,255.0,0
q314,2022-04-01,379.0,0
q314,2022-07-01,321.0,0
q314,2022-10-01,291.0,0
q314,2023-01-01,310.0,0
q314,2023-04-01,598.0,1
q314,2023-07-01,479.0,0
q314,2023-10-01,345.0,0
q315,2022-01-01,3129.0,0
q315,2022-04-01,1370.0,0
q315,2022-07-01,1407.0,0
q315,2022-10-01,1176.0,0
q315,2023-01-01,2976.0,0
q315,2023-04-01,1639.0,0
q315,2023-07-01,1628.0,0
q315,2023-10-01,1226.0,0
q316,2022-01-01,2647.0,0
q316,2022-04-01,1781.0,0
q316,2022-07-01,4276.0,1
q316,2022-10-01,1230.0,0
q316,2023-01-01,2364.0,0
q316,2023-04-01,1917.0,0
q316,2023-07-01,3452.0,0
q316,2023-10-01,963.0,0
q317,2022-01-01,1756.0,0
q317,2022-04-01,1190.0,0
q317,2022-07-01,1537.0,0
q317,2022-10-01,1191.0,0
q317,2023-01-01,2068.0,0
q317,2023-04-01,1437.0,0
q317,2023-07-01,1689.0,0
q317,2023-10-01,1357.0,0
q318,2022-01-01,311.0,0
q318,2022-04-01,375.0,0
q318,2022-07-01,488.0,0
q318,2022-10-01,396.0,0
q318,2023-01-01,342.0,0
q318,2023-04-01,411.0,0
q318,2023-07-01,331.0,0
q318,2023-10-01,433.0,0
q319,2022-01-01,781.0,0
q319,2022-04-01,614.0,0
q319,2022-07-01,686.0,0
q319,2022-10-01,951.0,0
q319,2023-01-01,776.0,0
q319,2023-04-01,636.0,0
q319,2023-07-01,1755.0,1
q319,2023-10-01,1052.0,1
q32,2022-01-01,333.0,0
q32,2022-04-01,294.0,0
q32,2022-07-01,290.0,0
q32,2022-10-01,294.0,0
q32,2023-01-01,314.0,0
q32,2023-04-01,287.0,0
q32,2023-07-01,272.0,0
q32,2023-10-01,278.0,0
q320,2022-01-01,5495.0,0
q320,2022-04-01,3960.0,0
q320,2022-07-01,6987.0,0
q320,2022-10-01,3768.0,0
q320,2023-01-01,5550.0,0
q320,2023-04-01,4401.0,0
q320,2023-07-01,7227.0,0
q320,2023-10-01,3805.0,0
q321,2022-01-01,1152.0,0
q321,2022-04-01,660.0,0
q321,2022-07-01,768.0,0
q321,2022-10-01,735.0,0
q321,2023-01-01,1142.0,0
q321,2023-04-01,919.0,0
q321,2023-07-01,886.0,0
q321,2023-10-01,753.0,0
q322,2022-01-01,1432.0,1
q322,2022-04-01,886.0,0
q322,2022-07-01,1154.0,0
q322,2022-10-01,885.0,0
q322,2023-01-01,1754.0,1
q322,2023-04-01,1154.0,0
q322,2023-07-01,1709.0,1
q322,2023-10-01,1061.0,0
q323,2022-01-01,257.0,0
q323,2022-04-01,439.0,0
q323,2022-07-01,130.0,0
q323,2022-10-01,297.0,0
q323,2023-01-01,258.0,0
q323,2023-04-01,245.0,0
q323,2023-07-01,258.0,0
q323,2023-10-01,279.0,0
q324,2022-01-01,733.0,0
q324,2022-04-01,1187.0,0
q324,2022-07-01,998.0,0
q324,2022-10-01,927.0,0
q324,2023-01-01,1154.0,0
q324,2023-04-01,1210.0,0
q324,2023-07-01,1451.0,1
q324,2023-10-01,1143.0,0
q325,2022-01-01,3574.0,0
q325,2022-04-01,3172.0,0
q325,2022-07-01,3050.0,0
q325,2022-10-01,2844.0,0
q325,2023-01-01,4308.0,1
q325,2023-04-01,3528.0,0
q325,2023-07-01,4304.0,1
q325,2023-10-01,3236.0,0
q326,2022-01-01,20359.0,0
q326,2022-04-01,8998.0,0
q326,2022-07-01,15664.0,0
q326,2022-10-01,8319.0,0
q326,2023-01-01,18560.0,0
q326,2023-04-01,8935.0,0
q326,2023-07-01,15698.0,0
q326,2023-10-01,7645.0,0
q327,2022-01-01,8988.0,0
q327,2022-04-01,4996.0,0
q327,2022-07-01,6148.0,0
q327,2022-10-01,4998.0,0
q327,2023-01-01,8660.0,0
q327,2023-04-01,6137.0,0
q327,2023-07-01,7241.0,0
q327,2023-10-01,5325.0,0
q328,2022-01-01,2751.0,0
q328,2022-04-01,3428.0,0
q328,2022-07-01,3044.0,0
q328,2022-10-01,2910.0,0
q328,2023-01-01,2752.0,0
q328,2023-04-01,2843.0,0
q328,2023-07-01,2572.0,0
q328,2023-10-01,3221.0,0
q329,2022-01-01,4080.0,0
q329,2022-04-01,5641.0,0
q329,2022-07-01,4219.0,0
q329,2022-10-01,3945.0,0
q329,2023-01-01,4476.0,0
q329,2023-04-01,5998.0,0
q329,2023-07-01,6750.0,1
q329,2023-10-01,4593.0,0
q33,2022-01-01,3148.0,0
q33,2022-04-01,754.0,0
q33,2022-07-01,224.0,0
q33,2022-10-01,1656.0,0
q33,2023-01-01,3008.0,0
q33,2023-04-01,710.0,0
q33,2023-07-01,206.0,0
q33,2023-10-01,1623.0,0
q330,2022-01-01,36178.0,0
q330,2022-04-01,23063.0,0
q330,2022-07-01,29075.0,0
q330,2022-10-01,20172.0,0
q330,2023-01-01,34448.0,0
q330,2023-04-01,23913.0,0
q330,2023-07-01,32261.0,0
q330,2023-10-01,20784.0,0
q331,2022-01-01,100892.0,0
q331,2022-04-01,90180.0,0
q331,2022-07-01,67331.0,0
q331,2022-10-01,63819.0,0
q331,2023-01-01,99900.0,0
q331,2023-04-01,93727.0,0
q331,2023-07-01,68236.0,0
q331,2023-10-01,62502.0,0
q332,2022-01-01,24197.0,0
q332,2022-04-01,19163.0,0
q332,2022-07-01,16799.0,0
q332,2022-10-01,17550.0,0
q332,2023-01-01,23926.0,0
q332,2023-04-01,20406.0,0
q332,2023-07-01,18105.0,0
q332,2023-10-01,17498.0,0
q333,2022-01-01,14851.0,0
q333,2022-04-01,11542.0,0
q333,2022-07-01,10810.0,0
q333,2022-10-01,11484.0,0
q333,2023-01-01,13956.0,0
q333,2023-04-01,10170.0,0
q333,2023-07-01,10003.0,0
q333,2023-10-01,9801.0,0
q334,2022-01-01,14125.0,0
q334,2022-04-01,20315.0,0
q334,2022-07-01,13163.0,0
q334,2022-10-01,16914.0,0
q334,2023-01-01,15232.0,0
q334,2023-04-01,20554.0,0
q334,2023-07-01,15076.0,0
q334,2023-10-01,15287.0,0
q335,2022-01-01,154065.0,0
q335,2022-04-01,141200.0,0
q335,2022-07-01,108103.0,0
q335,2022-10-01,109767.0,0
q335,2023-01-01,153014.0,0
q335,2023-04-01,144857.0,0
q335,2023-07-01,111420.0,0
q335,2023-10-01,105088.0,0
q336,2022-01-01,42372.0,0
q336,2022-04-01,64509.0,0
q336,2022-07-01,20473.0,1
q336,2022-10-01,18930.0,0
q336,2023-01-01,46176.0,0
q336,2023-04-01,68815.0,0
q336,2023-07-01,20599.0,1
q336,2023-10-01,18135.0,0
q337,2022-01-01,40313.0,0
q337,2022-04-01,48471.0,0
q337,2022-07-01,16421.0,0
q337,2022-10-01,13539.0,0
q337,2023-01-01,41806.0,0
q337,2023-04-01,51467.0,0
q337,2023-07-01,15926.0,0
q337,2023-10-01,14441.0,0
q338,2022-01-01,3110.0,0
q338,2022-04-01,4108.0,0
q338,2022-07-01,2551.0,0
q338,2022-10-01,2289.0,0
q338,2023-01-01,3362.0,0
q338,2023-04-01,4349.0,0
q338,2023-07-01,2173.0,0
q338,2023-10-01,2544.0,0
q339,2022-01-01,3577.0,0
q339,2022-04-01,3518.0,0
q339,2022-07-01,2461.0,0
q339,2022-10-01,2682.0,0
q339,2023-01-01,3516.0,0
q339,2023-04-01,3975.0,0
q339,2023-07-01,1995.0,0
q339,2023-10-01,2242.0,0
q34,2022-01-01,180.0,0
q34,2022-04-01,303.0,0
q34,2022-07-01,163.0,0
q34,2022-10-01,172.0,0
q34,2023-01-01,175.0,0
q34,2023-04-01,289.0,0
q34,2023-07-01,173.0,0
q34,2023-10-01,204.0,0
q340,2022-01-01,89372.0,0
q340,2022-04-01,120606.0,0
q340,2022-07-01,41906.0,0
q340,2022-10-01,37440.0,0
q340,2023-01-01,94860.0,0
q340,2023-04-01,128606.0,0
q340,2023-07-01,40693.0,0
q340,2023-10-01,37362.0,0
q341,2022-01-01,6757.0,0
q341,2022-04-01,8963.0,0
q341,2022-07-01,1839.0,0
q341,2022-10-01,1425.0,0
q341,2023-01-01,7438.0,0
q341,2023-04-01,10027.0,0
q341,2023-07-01,2141.0,0
q341,2023-10-01,1478.0,0
q342,2022-01-01,1970.0,0
q342,2022-04-01,2264.0,0
q342,2022-07-01,669.0,0
q342,2022-10-01,468.0,0
q342,2023-01-01,1826.0,0
q342,2023-04-01,1776.0,0
q342,2023-07-01,388.0,0
q342,2023-10-01,374.0,0
q343,2022-01-01,652.0,0
q343,2022-04-01,538.0,0
q343,2022-07-01,350.0,0
q343,2022-10-01,339.0,0
q343,2023-01-01,570.0,0
q343,2023-04-01,628.0,0
q343,2023-07-01,419.0,0
q343,2023-10-01,427.0,0
q344,2022-01-01,762.0,0
q344,2022-04-01,1071.0,0
q344,2022-07-01,568.0,0
q344,2022-10-01,708.0,0
q344,2023-01-01,736.0,0
q344,2023-04-01,978.0,0
q344,2023-07-01,432.0,0
q344,2023-10-01,647.0,0
q345,2022-01-01,10141.0,0
q345,2022-04-01,12836.0,0
q345,2022-07-01,3426.0,0
q345,2022-10-01,2940.0,0
q345,2023-01-01,10570.0,0
q345,2023-04-01,13409.0,0
q345,2023-07-01,3380.0,0
q345,2023-10-01,2926.0,0
q346,2022-01-01,3675.0,0
q346,2022-04-01,3862.0,0
q346,2022-07-01,2613.0,1
q346,2022-10-01,2493.0,0
q346,2023-01-01,4256.0,0
q346,2023-04-01,4478.0,0
q346,2023-07-01,2728.0,1
q346,2023-10-01,3187.0,0
q347,2022-01-01,1694.0,0
q347,2022-04-01,1627.0,0
q347,2022-07-01,694.0,0
q347,2022-10-01,906.0,0
q347,2023-01-01,1562.0,0
q347,2023-04-01,1659.0,0
q347,2023-07-01,551.0,0
q347,2023-10-01,899.0,0
q348,2022-01-01,94.0,0
q348,2022-04-01,112.0,0
q348,2022-07-01,193.0,0
q348,2022-10-01,69.0,0
q348,2023-01-01,92.0,0
q348,2023-04-01,217.0,0
q348,2023-07-01,198.0,0
q348,2023-10-01,92.0,0
q349,2022-01-01,330.0,0
q349,2022-04-01,361.0,1
q349,2022-07-01,254.0,0
q349,2022-10-01,375.0,0
q349,2023-01-01,114.0,0
q349,2023-04-01,360.0,1
q349,2023-07-01,217.0,0
q349,2023-10-01,93.0,1
q35,2022-01-01,392.0,0
q35,2022-04-01,236.0,0
q35,2022-07-01,186.0,0
q35,2022-10-01,295.0,0
q35,2023-01-01,395.0,0
q35,2023-04-01,234.0,0
q35,2023-07-01,183.0,0
q35,2023-10-01,286.0,0
q350,2022-01-01,5793.0,0
q350,2022-04-01,5962.0,0
q350,2022-07-01,3754.0,1
q350,2022-10-01,3843.0,0
q350,2023-01-01,6024.0,0
q350,2023-04-01,6714.0,0
q350,2023-07-01,3694.0,1
q350,2023-10-01,4271.0,0
q351,2022-01-01,52804.0,0
q351,2022-04-01,77334.0,0
q351,2022-07-01,24925.0,1
q351,2022-10-01,22848.0,0
q351,2023-01-01,57870.0,0
q351,2023-04-01,83320.0,0
q351,2023-07-01,25468.0,1
q351,2023-10-01,22800.0,0
q352,2022-01-01,43977.0,0
q352,2022-04-01,52362.0,0
q352,2022-07-01,17784.0,0
q352,2022-10-01,14913.0,0
q352,2023-01-01,45194.0,0
q352,2023-04-01,54902.0,0
q352,2023-07-01,16865.0,0
q352,2023-10-01,15714.0,0
q353,2022-01-01,3856.0,0
q353,2022-04-01,4758.0,0
q353,2022-07-01,3094.0,0
q353,2022-10-01,2697.0,0
q353,2023-01-01,4024.0,0
q353,2023-04-01,5194.0,0
q353,2023-07-01,2790.0,0
q353,2023-10-01,3063.0,0
q354,2022-01-01,4669.0,0
q354,2022-04-01,4950.0,0
q354,2022-07-01,3283.0,0
q354,2022-10-01,3765.0,0
q354,2023-01-01,4366.0,0
q354,2023-04-01,5313.0,0
q354,2023-07-01,2644.0,0
q354,2023-10-01,2982.0,0
q355,2022-01-01,105306.0,0
q355,2022-04-01,139404.0,0
q355,2022-07-01,49086.0,0
q355,2022-10-01,44223.0,0
q355,2023-01-01,111454.0,0
q355,2023-04-01,148729.0,0
q355,2023-07-01,47767.0,0
q355,2023-10-01,44559.0,0
q356,2022-01-01,15616.0,0
q356,2022-04-01,18416.0,0
q356,2022-07-01,3803.0,0
q356,2022-10-01,4263.0,0
q356,2023-01-01,15930.0,0
q356,2023-04-01,17249.0,0
q356,2023-07-01,3938.0,0
q356,2023-10-01,4315.0,0
q357,2022-01-01,2984.0,0
q357,2022-04-01,3104.0,0
q357,2022-07-01,1266.0,0
q357,2022-10-01,1050.0,0
q357,2023-01-01,2826.0,0
q357,2023-04-01,4075.0,1
q357,2023-07-01,894.0,0
q357,2023-10-01,1101.0,0
q358,2022-01-01,514.0,0
q358,2022-04-01,841.0,0
q358,2022-07-01,399.0,0
q358,2022-10-01,903.0,0
q358,2023-01-01,762.0,0
q358,2023-04-01,1016.0,0
q358,2023-07-01,665.0,0
q358,2023-10-01,945.0,0
q359,2022-01-01,1084.0,0
q359,2022-04-01,2242.0,0
q359,2022-07-01,537.0,0
q359,2022-10-01,1785.0,0
q359,2023-01-01,1226.0,0
q359,2023-04-01,1700.0,0
q359,2023-07-01,798.0,0
q359,2023-10-01,2160.0,1
q36,2022-01-01,437.0,0
q36,2022-04-01,419.0,0
q36,2022-07-01,400.0,0
q36,2022-10-01,454.0,0
q36,2023-01-01,456.0,0
q36,2023-04-01,443.0,0
q36,2023-07-01,435.0,0
q36,2023-10-01,483.0,0
q360,2022-01-01,20198.0,0
q360,2022-04-01,24603.0,0
q360,2022-07-01,6005.0,0
q360,2022-10-01,8001.0,0
q360,2023-01-01,20744.0,0
q360,2023-04-01,24040.0,0
q360,2023-07-01,6295.0,0
q360,2023-10-01,8521.0,0
q361,2022-01-01,7345.0,0
q361,2022-04-01,7766.0,0
q361,2022-07-01,1115.0,0
q361,2022-10-01,1536.0,0
q361,2023-01-01,8176.0,0
q361,2023-04-01,7828.0,0
q361,2023-07-01,1044.0,0
q361,2023-10-01,1356.0,0
q362,2022-01-01,2387.0,0
q362,2022-04-01,2885.0,0
q362,2022-07-01,437.0,0
q362,2022-10-01,888.0,0
q362,2023-01-01,2418.0,0
q362,2023-04-01,2598.0,0
q362,2023-07-01,629.0,0
q362,2023-10-01,868.0,0
q363,2022-01-01,376.0,0
q363,2022-04-01,227.0,0
q363,2022-07-01,283.0,0
q363,2022-10-01,105.0,0
q363,2023-01-01,320.0,0
q363,2023-04-01,365.0,0
q363,2023-07-01,222.0,0
q363,2023-10-01,233.0,0
q364,2022-01-01,470.0,0
q364,2022-04-01,361.0,0
q364,2022-07-01,263.0,0
q364,2022-10-01,354.0,0
q364,2023-01-01,342.0,0
q364,2023-04-01,352.0,0
q364,2023-07-01,220.0,0
q364,2023-10-01,252.0,0
q365,2022-01-01,10578.0,0
q365,2022-04-01,11239.0,0
q365,2022-07-01,2098.0,0
q365,2022-10-01,2883.0,0
q365,2023-01-01,11256.0,0
q365,2023-04-01,11143.0,0
q365,2023-07-01,2115.0,0
q365,2023-10-01,2709.0,0
q366,2022-01-01,3401.0,0
q366,2022-04-01,3883.0,0
q366,2022-07-01,728.0,0
q366,2022-10-01,1047.0,0
q366,2023-01-01,3654.0,0
q366,2023-04-01,4020.0,0
q366,2023-07-01,786.0,0
q366,2023-10-01,892.0,0
q367,2022-01-01,1302.0,0
q367,2022-04-01,1063.0,0
q367,2022-07-01,405.0,0
q367,2022-10-01,240.0,0
q367,2023-01-01,1150.0,0
q367,2023-04-01,988.0,0
q367,2023-07-01,453.0,0
q367,2023-10-01,304.0,0
q368,2022-01-01,326.0,0
q368,2022-04-01,391.0,0
q368,2022-07-01,277.0,0
q368,2022-10-01,435.0,0
q368,2023-01-01,496.0,0
q368,2023-04-01,490.0,0
q368,2023-07-01,175.0,0
q368,2023-10-01,412.0,0
q369,2022-01-01,144.0,0
q369,2022-04-01,287.0,0
q369,2022-07-01,127.0,0
q369,2022-10-01,147.0,0
q369,2023-01-01,206.0,0
q369,2023-04-01,278.0,0
q369,2023-07-01,120.0,0
q369,2023-10-01,163.0,0
q37,2022-01-01,596.0,0
q37,2022-04-01,587.0,0
q37,2022-07-01,536.0,0
q37,2022-10-01,616.0,0
q37,2023-01-01,607.0,0
q37,2023-04-01,562.0,0
q37,2023-07-01,496.0,0
q37,2023-10-01,624.0,0
q370,2022-01-01,5173.0,0
q370,2022-04-01,5624.0,0
q370,2022-07-01,1537.0,0
q370,2022-10-01,1869.0,0
q370,2023-01-01,5506.0,0
q370,2023-04-01,5776.0,0
q370,2023-07-01,1534.0,0
q370,2023-10-01,1771.0,0
q371,2022-01-01,9453.0,0
q371,2022-04-01,9234.0,0
q371,2022-07-01,3043.0,0
q371,2022-10-01,5994.0,0
q371,2023-01-01,11262.0,0
q371,2023-04-01,10237.0,0
q371,2023-07-01,3744.0,0
q371,2023-10-01,6174.0,0
q372,2022-01-01,2772.0,0
q372,2022-04-01,2744.0,0
q372,2022-07-01,1024.0,0
q372,2022-10-01,1251.0,0
q372,2023-01-01,2910.0,0
q372,2023-04-01,2653.0,0
q372,2023-07-01,1298.0,0
q372,2023-10-01,1490.0,0
q373,2022-01-01,1475.0,1
q373,2022-04-01,1234.0,0
q373,2022-07-01,1144.0,0
q373,2022-10-01,537.0,0
q373,2023-01-01,1340.0,0
q373,2023-04-01,1333.0,0
q373,2023-07-01,834.0,0
q373,2023-10-01,962.0,0
q374,2022-01-01,1389.0,0
q374,2022-04-01,1673.0,0
q374,2022-07-01,944.0,0
q374,2022-10-01,1323.0,0
q374,2023-01-01,1230.0,0
q374,2023-04-01,1573.0,0
q374,2023-07-01,1324.0,0
q374,2023-10-01,1395.0,0
q375,2022-01-01,15089.0,0
q375,2022-04-01,14885.0,0
q375,2022-07-01,6155.0,0
q375,2022-10-01,9105.0,0
q375,2023-01-01,16742.0,0
q375,2023-04-01,15796.0,0
q375,2023-07-01,7200.0,0
q375,2023-10-01,10021.0,0
q376,2022-01-01,2466.0,0
q376,2022-04-01,2799.0,0
q376,2022-07-01,796.0,0
q376,2022-10-01,1083.0,0
q376,2023-01-01,3270.0,1
q376,2023-04-01,3210.0,0
q376,2023-07-01,653.0,0
q376,2023-10-01,1092.0,0
q377,2022-01-01,1043.0,0
q377,2022-04-01,1073.0,0
q377,2022-07-01,457.0,0
q377,2022-10-01,444.0,0
q377,2023-01-01,1484.0,1
q377,2023-04-01,1373.0,1
q377,2023-07-01,461.0,0
q377,2023-10-01,551.0,0
q378,2022-01-01,748.0,0
q378,2022-04-01,248.0,0
q378,2022-07-01,476.0,0
q378,2022-10-01,132.0,0
q378,2023-01-01,664.0,0
q378,2023-04-01,329.0,0
q378,2023-07-01,567.0,0
q378,2023-10-01,117.0,0
q379,2022-01-01,999.0,0
q379,2022-04-01,890.0,0
q379,2022-07-01,715.0,0
q379,2022-10-01,693.0,0
q379,2023-01-01,1110.0,0
q379,2023-04-01,837.0,0
q379,2023-07-01,1212.0,0
q379,2023-10-01,577.0,0
q38,2022-01-01,1402.0,1
q38,2022-04-01,472.0,0
q38,2022-07-01,203.0,0
q38,2022-10-01,1004.0,0
q38,2023-01-01,1746.0,1
q38,2023-04-01,598.0,0
q38,2023-07-01,206.0,0
q38,2023-10-01,938.0,0
q380,2022-01-01,5256.0,0
q380,2022-04-01,5010.0,0
q380,2022-07-01,2444.0,0
q380,2022-10-01,2352.0,0
q380,2023-01-01,6528.0,1
q380,2023-04-01,5749.0,0
q380,2023-07-01,2893.0,0
q380,2023-10-01,2337.0,0
q381,2022-01-01,38281.0,0
q381,2022-04-01,42098.0,0
q381,2022-07-01,9485.0,0
q381,2022-10-01,13923.0,0
q381,2023-01-01,42292.0,0
q381,2023-04-01,42544.0,0
q381,2023-07-01,10165.0,0
q381,2023-10-01,13829.0,0
q382,2022-01-01,10488.0,0
q382,2022-04-01,10869.0,0
q382,2022-07-01,3589.0,0
q382,2022-10-01,3873.0,0
q382,2023-01-01,10788.0,0
q382,2023-04-01,11687.0,0
q382,2023-07-01,3735.0,0
q382,2023-10-01,4314.0,0
q383,2022-01-01,3299.0,0
q383,2022-04-01,2691.0,0
q383,2022-07-01,2486.0,0
q383,2022-10-01,1854.0,0
q383,2023-01-01,3384.0,0
q383,2023-04-01,3232.0,0
q383,2023-07-01,2402.0,0
q383,2023-10-01,2373.0,0
q384,2022-01-01,4226.0,0
q384,2022-04-01,5703.0,0
q384,2022-07-01,2679.0,0
q384,2022-10-01,4560.0,0
q384,2023-01-01,4312.0,0
q384,2023-04-01,5041.0,0
q384,2023-07-01,3735.0,0
q384,2023-10-01,4843.0,0
q385,2022-01-01,56294.0,0
q385,2022-04-01,61361.0,0
q385,2022-07-01,18239.0,0
q385,2022-10-01,24210.0,0
q385,2023-01-01,60776.0,0
q385,2023-04-01,62504.0,0
q385,2023-07-01,20037.0,0
q385,2023-10-01,25359.0,0
q386,2022-01-01,91085.0,0
q386,2022-04-01,119432.0,0
q386,2022-07-01,34410.0,0
q386,2022-10-01,36771.0,0
q386,2023-01-01,100162.0,0
q386,2023-04-01,125864.0,0
q386,2023-07-01,35633.0,0
q386,2023-10-01,36629.0,0
q387,2022-01-01,54465.0,0
q387,2022-04-01,63231.0,0
q387,2022-07-01,21373.0,0
q387,2022-10-01,18786.0,0
q387,2023-01-01,55982.0,0
q387,2023-04-01,66589.0,0
q387,2023-07-01,20600.0,0
q387,2023-10-01,20028.0,0
q388,2022-01-01,7155.0,0
q388,2022-04-01,7449.0,0
q388,2022-07-01,5580.0,0
q388,2022-10-01,4551.0,0
q388,2023-01-01,7408.0,0
q388,2023-04-01,8426.0,0
q388,2023-07-01,5192.0,0
q388,2023-10-01,5436.0,0
q389,2022-01-01,8895.0,0
q389,2022-04-01,10653.0,0
q389,2022-07-01,5962.0,0
q389,2022-10-01,8325.0,0
q389,2023-01-01,8678.0,0
q389,2023-04-01,10354.0,0
q389,2023-07-01,6379.0,0
q389,2023-10-01,7825.0,0
q39,2022-01-01,1981.0,0
q39,2022-04-01,1952.0,0
q39,2022-07-01,1832.0,0
q39,2022-10-01,1670.0,0
q39,2023-01-01,1893.0,0
q39,2023-04-01,1866.0,0
q39,2023-07-01,1794.0,0
q39,2023-10-01,1752.0,0
q390,2022-01-01,161600.0,0
q390,2022-04-01,200765.0,0
q390,2022-07-01,67325.0,0
q390,2022-10-01,68433.0,0
q390,2023-01-01,172230.0,0
q390,2023-04-01,211233.0,0
q390,2023-07-01,67804.0,0
q390,2023-10-01,69918.0,0
q391,2022-01-01,1196.0,0
q391,2022-04-01,1162.0,0
q391,2022-07-01,920.0,0
q391,2022-10-01,870.0,0
q391,2023-01-01,1210.0,0
q391,2023-04-01,1511.0,0
q391,2023-07-01,802.0,0
q391,2023-10-01,1156.0,0
q392,2022-01-01,4307.0,0
q392,2022-04-01,2940.0,0
q392,2022-07-01,1990.0,0
q392,2022-10-01,1917.0,0
q392,2023-01-01,4478.0,1
q392,2023-04-01,3388.0,0
q392,2023-07-01,2609.0,1
q392,2023-10-01,2167.0,0
q393,2022-01-01,234.0,0
q393,2022-04-01,350.0,0
q393,2022-07-01,469.0,0
q393,2022-10-01,345.0,0
q393,2023-01-01,342.0,0
q393,2023-04-01,309.0,0
q393,2023-07-01,393.0,0
q393,2023-10-01,303.0,0
q394,2022-01-01,282.0,0
q394,2022-04-01,432.0,0
q394,2022-07-01,326.0,0
q394,2022-10-01,279.0,0
q394,2023-01-01,254.0,0
q394,2023-04-01,1009.0,1
q394,2023-07-01,301.0,0
q394,2023-10-01,252.0,0
q395,2022-01-01,6019.0,0
q395,2022-04-01,4884.0,0
q395,2022-07-01,3705.0,0
q395,2022-10-01,3411.0,0
q395,2023-01-01,6284.0,0
q395,2023-04-01,6217.0,0
q395,2023-07-01,4105.0,0
q395,2023-10-01,3878.0,0
q396,2022-01-01,10383.0,0
q396,2022-04-01,9681.0,0
q396,2022-07-01,6420.0,0
q396,2022-10-01,6399.0,0
q396,2023-01-01,10320.0,0
q396,2023-04-01,8552.0,0
q396,2023-07-01,6021.0,0
q396,2023-10-01,6356.0,0
q397,2022-01-01,12322.0,0
q397,2022-04-01,8831.0,0
q397,2022-07-01,8701.0,0
q397,2022-10-01,7884.0,0
q397,2023-01-01,13938.0,0
q397,2023-04-01,9651.0,0
q397,2023-07-01,9225.0,0
q397,2023-10-01,7885.0,0
q398,2022-01-01,1483.0,0
q398,2022-04-01,1784.0,0
q398,2022-07-01,1843.0,0
q398,2022-10-01,1851.0,0
q398,2023-01-01,1842.0,0
q398,2023-04-01,1412.0,0
q398,2023-07-01,1496.0,0
q398,2023-10-01,1343.0,1
q399,2022-01-01,5961.0,0
q399,2022-04-01,5256.0,0
q399,2022-07-01,5294.0,0
q399,2022-10-01,5481.0,0
q399,2023-01-01,5834.0,0
q399,2023-04-01,6049.0,1
q399,2023-07-01,5445.0,0
q399,2023-10-01,5518.0,0
q4,2022-01-01,74078.0,0
q4,2022-04-01,70931.0,0
q4,2022-07-01,68004.0,0
q4,2022-10-01,95829.0,0
q4,2023-01-01,80207.0,0
q4,2023-04-01,76102.0,0
q4,2023-07-01,75129.0,0
q4,2023-10-01,104259.0,0
q40,2022-01-01,13300.0,0
q40,2022-04-01,16200.0,1
q40,2022-07-01,11300.0,0
q40,2022-10-01,14700.0,0
q40,2023-01-01,15100.0,1
q40,2023-04-01,18100.0,1
q40,2023-07-01,15900.0,1
q40,2023-10-01,18900.0,1
q400,2022-01-01,30149.0,0
q400,2022-04-01,25552.0,0
q400,2022-07-01,22258.0,0
q400,2022-10-01,21615.0,0
q400,2023-01-01,31934.0,0
q400,2023-04-01,25664.0,0
q400,2023-07-01,22187.0,0
q400,2023-10-01,21102.0,0
q401,2022-01-01,6059.0,0
q401,2022-04-01,6878.0,0
q401,2022-07-01,3159.0,0
q401,2022-10-01,4248.0,0
q401,2023-01-01,6258.0,0
q401,2023-04-01,6857.0,0
q401,2023-07-01,3298.0,0
q401,2023-10-01,3945.0,0
q402,2022-01-01,7009.0,0
q402,2022-04-01,5268.0,0
q402,2022-07-01,4730.0,0
q402,2022-10-01,5022.0,0
q402,2023-01-01,7702.0,0
q402,2023-04-01,6254.0,0
q402,2023-07-01,5563.0,0
q402,2023-10-01,5899.0,0
q403,2022-01-01,1044.0,0
q403,2022-04-01,1600.0,0
q403,2022-07-01,1385.0,0
q403,2022-10-01,1659.0,0
q403,2023-01-01,1478.0,0
q403,2023-04-01,1598.0,0
q403,2023-07-01,1692.0,0
q403,2023-10-01,1921.0,0
q404,2022-01-01,4358.0,0
q404,2022-04-01,4221.0,0
q404,2022-07-01,3370.0,0
q404,2022-10-01,3873.0,0
q404,2023-01-01,4734.0,0
q404,2023-04-01,5031.0,0
q404,2023-07-01,5080.0,0
q404,2023-10-01,5442.0,0
q405,2022-01-01,18915.0,0
q405,2022-04-01,19197.0,0
q405,2022-07-01,13597.0,0
q405,2022-10-01,16236.0,0
q405,2023-01-01,20698.0,0
q405,2023-04-01,21472.0,0
q405,2023-07-01,16785.0,0
q405,2023-10-01,18450.0,0
q406,2022-01-01,17638.0,0
q406,2022-04-01,17721.0,0
q406,2022-07-01,10499.0,0
q406,2022-10-01,11517.0,0
q406,2023-01-01,17788.0,0
q406,2023-04-01,16920.0,0
q406,2023-07-01,10121.0,0
q406,2023-10-01,11457.0,0
q407,2022-01-01,23638.0,0
q407,2022-04-01,17039.0,0
q407,2022-07-01,15421.0,0
q407,2022-10-01,14823.0,0
q407,2023-01-01,26118.0,0
q407,2023-04-01,19293.0,0
q407,2023-07-01,17397.0,0
q407,2023-10-01,15951.0,0
q408,2022-01-01,2761.0,0
q408,2022-04-01,3734.0,0
q408,2022-07-01,3697.0,0
q408,2022-10-01,3855.0,0
q408,2023-01-01,3662.0,0
q408,2023-04-01,3319.0,0
q408,2023-07-01,3581.0,0
q408,2023-10-01,3567.0,0
q409,2022-01-01,10127.0,0
q409,2022-04-01,9235.0,0
q409,2022-07-01,8458.0,0
q409,2022-10-01,9201.0,0
q409,2023-01-01,10284.0,0
q409,2023-04-01,11323.0,0
q409,2023-07-01,10220.0,0
q409,2023-10-01,10847.0,0
q41,2022-01-01,7200.0,0
q41,2022-04-01,9000.0,0
q41,2022-07-01,7200.0,0
q41,2022-10-01,8000.0,0
q41,2023-01-01,8000.0,0
q41,2023-04-01,9500.0,0
q41,2023-07-01,7500.0,0
q41,2023-10-01,8700.0,0
q410,2022-01-01,55083.0,0
q410,2022-04-01,49633.0,0
q410,2022-07-01,39560.0,0
q410,2022-10-01,41262.0,0
q410,2023-01-01,58916.0,0
q410,2023-04-01,53353.0,0
q410,2023-07-01,43077.0,0
q410,2023-10-01,43430.0,0
q411,2022-01-01,344281.0,0
q411,2022-04-01,389041.0,0
q411,2022-07-01,206841.0,0
q411,2022-10-01,234336.0,0
q411,2023-01-01,365274.0,0
q411,2023-04-01,398864.0,0
q411,2023-07-01,214814.0,0
q411,2023-10-01,243778.0,0
q412,2022-01-01,223195.0,0
q412,2022-04-01,198685.0,0
q412,2022-07-01,136093.0,0
q412,2022-10-01,123420.0,0
q412,2023-01-01,232002.0,0
q412,2023-04-01,209307.0,0
q412,2023-07-01,138015.0,0
q412,2023-10-01,127647.0,0
q413,2022-01-01,68265.0,0
q413,2022-04-01,67852.0,0
q413,2022-07-01,64825.0,0
q413,2022-10-01,64386.0,0
q413,2023-01-01,73026.0,0
q413,2023-04-01,67954.0,0
q413,2023-07-01,66069.0,0
q413,2023-10-01,65606.0,0
q414,2022-01-01,52603.0,0
q414,2022-04-01,50914.0,0
q414,2022-07-01,46218.0,0
q414,2022-10-01,50130.0,0
q414,2023-01-01,54574.0,0
q414,2023-04-01,55740.0,0
q414,2023-07-01,47270.0,0
q414,2023-10-01,52189.0,0
q415,2022-01-01,695387.0,0
q415,2022-04-01,723501.0,0
q415,2022-07-01,464744.0,0
q415,2022-10-01,488151.0,0
q415,2023-01-01,732492.0,0
q415,2023-04-01,750281.0,0
q415,2023-07-01,477600.0,0
q415,2023-10-01,504735.0,0
q416,2022-01-01,67595.0,0
q416,2022-04-01,778682.0,0
q416,2022-07-01,1317486.0,0
q416,2022-10-01,269270.0,0
q416,2023-01-01,54736.0,0
q416,2023-04-01,888916.0,0
q416,2023-07-01,1524622.0,1
q416,2023-10-01,303982.0,0
q417,2022-01-01,33547.0,0
q417,2022-04-01,179192.0,0
q417,2022-07-01,284975.0,0
q417,2022-10-01,48267.0,0
q417,2023-01-01,34836.0,0
q417,2023-04-01,192747.0,0
q417,2023-07-01,307983.0,0
q417,2023-10-01,66787.0,0
q418,2022-01-01,93289.0,0
q418,2022-04-01,805862.0,0
q418,2022-07-01,1254538.0,0
q418,2022-10-01,296448.0,0
q418,2023-01-01,77494.0,0
q418,2023-04-01,809308.0,0
q418,2023-07-01,1213589.0,0
q418,2023-10-01,294794.0,0
q419,2022-01-01,10873.0,0
q419,2022-04-01,22149.0,0
q419,2022-07-01,48239.0,0
q419,2022-10-01,18027.0,0
q419,2023-01-01,12024.0,0
q419,2023-04-01,32320.0,0
q419,2023-07-01,48391.0,0
q419,2023-10-01,22697.0,0
q42,2022-01-01,1649.0,0
q42,2022-04-01,2131.0,1
q42,2022-07-01,1515.0,1
q42,2022-10-01,1602.0,1
q42,2023-01-01,1226.0,0
q42,2023-04-01,1320.0,1
q42,2023-07-01,973.0,1
q42,2023-10-01,1654.0,1
q420,2022-01-01,48386.0,0
q420,2022-04-01,148042.0,0
q420,2022-07-01,479337.0,0
q420,2022-10-01,70150.0,0
q420,2023-01-01,46931.0,0
q420,2023-04-01,177940.0,0
q420,2023-07-01,505327.0,0
q420,2023-10-01,93047.0,0
q421,2022-01-01,3601.0,0
q421,2022-04-01,91006.0,0
q421,2022-07-01,154804.0,0
q421,2022-10-01,20008.0,0
q421,2023-01-01,2142.0,0
q421,2023-04-01,124890.0,1
q421,2023-07-01,174840.0,0
q421,2023-10-01,12352.0,0
q422,2022-01-01,16625.0,0
q422,2022-04-01,207922.0,0
q422,2022-07-01,322220.0,0
q422,2022-10-01,70040.0,0
q422,2023-01-01,17248.0,0
q422,2023-04-01,231971.0,0
q422,2023-07-01,331748.0,0
q422,2023-10-01,74318.0,0
q423,2022-01-01,3519.0,0
q423,2022-04-01,179870.0,0
q423,2022-07-01,256440.0,0
q423,2022-10-01,28964.0,0
q423,2023-01-01,4093.0,0
q423,2023-04-01,181351.0,0
q423,2023-07-01,269379.0,0
q423,2023-10-01,30926.0,0
q424,2022-01-01,1509.0,0
q424,2022-04-01,73818.0,0
q424,2022-07-01,91739.0,0
q424,2022-10-01,21905.0,0
q424,2023-01-01,2165.0,0
q424,2023-04-01,60775.0,0
q424,2023-07-01,75115.0,0
q424,2023-10-01,18518.0,0
q425,2022-01-01,30175.0,0
q425,2022-04-01,17003.0,0
q425,2022-07-01,16849.0,0
q425,2022-10-01,19944.0,0
q425,2023-01-01,17156.0,0
q425,2023-04-01,18302.0,0
q425,2023-07-01,21966.0,0
q425,2023-10-01,20986.0,0
q426,2022-01-01,27015.0,0
q426,2022-04-01,81524.0,0
q426,2022-07-01,83137.0,0
q426,2022-10-01,37638.0,0
q426,2023-01-01,29839.0,0
q426,2023-04-01,68792.0,0
q426,2023-07-01,83717.0,0
q426,2023-10-01,36383.0,0
q427,2022-01-01,6632.0,0
q427,2022-04-01,15820.0,0
q427,2022-07-01,19149.0,0
q427,2022-10-01,8915.0,0
q427,2023-01-01,7435.0,0
q427,2023-04-01,18986.0,0
q427,2023-07-01,24239.0,0
q427,2023-10-01,7865.0,0
q43,2022-01-01,1761.0,0
q43,2022-04-01,3801.0,0
q43,2022-07-01,1940.0,0
q43,2022-10-01,2488.0,0
q43,2023-01-01,2263.0,0
q43,2023-04-01,2919.0,0
q43,2023-07-01,1865.0,0
q43,2023-10-01,2027.0,0
q44,2022-01-01,1564.0,0
q44,2022-04-01,1513.0,0
q44,2022-07-01,1489.0,0
q44,2022-10-01,1436.0,0
q44,2023-01-01,1273.0,0
q44,2023-04-01,1737.0,0
q44,2023-07-01,1248.0,1
q44,2023-10-01,1164.0,1
q45,2022-01-01,7140.0,0
q45,2022-04-01,9118.0,0
q45,2022-07-01,6806.0,0
q45,2022-10-01,7349.0,0
q45,2023-01-01,7522.0,0
q45,2023-04-01,8228.0,1
q45,2023-07-01,6297.0,0
q45,2023-10-01,6405.0,0
q46,2022-01-01,1348981.0,0
q46,2022-04-01,1200274.0,0
q46,2022-07-01,1298384.0,0
q46,2022-10-01,1221307.0,0
q46,2023-01-01,1365801.0,0
q46,2023-04-01,1173014.0,0
q46,2023-07-01,1186697.0,0
q46,2023-10-01,984887.0,0
q47,2022-01-01,40494.0,0
q47,2022-04-01,34519.0,0
q47,2022-07-01,39123.0,0
q47,2022-10-01,40595.0,0
q47,2023-01-01,42898.0,0
q47,2023-04-01,41813.0,0
q47,2023-07-01,38356.0,0
q47,2023-10-01,8581.0,0
q48,2022-01-01,14574.0,0
q48,2022-04-01,11292.0,0
q48,2022-07-01,14756.0,0
q48,2022-10-01,9168.0,0
q48,2023-01-01,12573.0,0
q48,2023-04-01,14160.0,0
q48,2023-07-01,14903.0,0
q48,2023-10-01,2957.0,0
q49,2022-01-01,12686.0,0
q49,2022-04-01,12654.0,0
q49,2022-07-01,12510.0,0
q49,2022-10-01,14576.0,0
q49,2023-01-01,13640.0,0
q49,2023-04-01,14617.0,0
q49,2023-07-01,13076.0,0
q49,2023-10-01,8917.0,0
q5,2022-01-01,114837.0,0
q5,2022-04-01,131353.0,0
q5,2022-07-01,136027.0,0
q5,2022-10-01,143360.0,0
q5,2023-01-01,127910.0,0
q5,2023-04-01,142113.0,0
q5,2023-07-01,139363.0,0
q5,2023-10-01,154547.0,0
q50,2022-01-01,381071.0,0
q50,2022-04-01,355236.0,0
q50,2022-07-01,346099.0,0
q50,2022-10-01,419153.0,0
q50,2023-01-01,415344.0,0
q50,2023-04-01,377015.0,0
q50,2023-07-01,310705.0,0
q50,2023-10-01,97686.0,1
q51,2022-01-01,23638.0,0
q51,2022-04-01,21726.0,0
q51,2022-07-01,16025.0,0
q51,2022-10-01,15143.0,0
q51,2023-01-01,14371.0,0
q51,2023-04-01,16760.0,0
q51,2023-07-01,12450.0,0
q51,2023-10-01,8903.0,0
q52,2022-01-01,18951.0,0
q52,2022-04-01,20581.0,0
q52,2022-07-01,20544.0,0
q52,2022-10-01,21751.0,0
q52,2023-01-01,20067.0,0
q52,2023-04-01,24286.0,0
q52,2023-07-01,19444.0,0
q52,2023-10-01,6564.0,1
q53,2022-01-01,780805.0,0
q53,2022-04-01,846179.0,0
q53,2022-07-01,857455.0,0
q53,2022-10-01,987441.0,0
q53,2023-01-01,1055348.0,1
q53,2023-04-01,1283481.0,1
q53,2023-07-01,1328549.0,1
q53,2023-10-01,925812.0,0
q54,2022-01-01,114060.0,0
q54,2022-04-01,112404.0,0
q54,2022-07-01,142203.0,0
q54,2022-10-01,141364.0,0
q54,2023-01-01,124767.0,0
q54,2023-04-01,134053.0,0
q54,2023-07-01,161952.0,0
q54,2023-10-01,157020.0,0
q55,2022-01-01,127114.0,0
q55,2022-04-01,157712.0,1
q55,2022-07-01,167934.0,0
q55,2022-10-01,133620.0,0
q55,2023-01-01,156243.0,0
q55,2023-04-01,118155.0,0
q55,2023-07-01,159849.0,0
q55,2023-10-01,143893.0,0
q56,2022-01-01,146343.0,0
q56,2022-04-01,186635.0,0
q56,2022-07-01,231770.0,0
q56,2022-10-01,159128.0,0
q56,2023-01-01,126611.0,0
q56,2023-04-01,143180.0,0
q56,2023-07-01,200847.0,0
q56,2023-10-01,144437.0,0
q57,2022-01-01,72399.0,0
q57,2022-04-01,77218.0,1
q57,2022-07-01,85601.0,0
q57,2022-10-01,74990.0,0
q57,2023-01-01,93832.0,0
q57,2023-04-01,87046.0,1
q57,2023-07-01,104293.0,0
q57,2023-10-01,82285.0,0
q58,2022-01-01,60412.0,0
q58,2022-04-01,51479.0,0
q58,2022-07-01,51444.0,0
q58,2022-10-01,56705.0,0
q58,2023-01-01,68819.0,0
q58,2023-04-01,55375.0,0
q58,2023-07-01,58326.0,0
q58,2023-10-01,51308.0,0
q59,2022-01-01,120680.0,0
q59,2022-04-01,140154.0,1
q59,2022-07-01,144444.0,0
q59,2022-10-01,130793.0,0
q59,2023-01-01,138098.0,0
q59,2023-04-01,137224.0,1
q59,2023-07-01,144486.0,0
q59,2023-10-01,135499.0,0
q6,2022-01-01,120415.0,0
q6,2022-04-01,104971.0,0
q6,2022-07-01,103051.0,0
q6,2022-10-01,136164.0,0
q6,2023-01-01,131208.0,0
q6,2023-04-01,113281.0,0
q6,2023-07-01,110521.0,0
q6,2023-10-01,161485.0,0
q60,2022-01-01,50655.0,0
q60,2022-04-01,51566.0,0
q60,2022-07-01,68928.0,0
q60,2022-10-01,44350.0,0
q60,2023-01-01,55819.0,1
q60,2023-04-01,57461.0,1
q60,2023-07-01,77913.0,0
q60,2023-10-01,46821.0,0
q61,2022-01-01,45472.0,0
q61,2022-04-01,42571.0,0
q61,2022-07-01,53587.0,0
q61,2022-10-01,43038.0,0
q61,2023-01-01,50700.0,0
q61,2023-04-01,48453.0,1
q61,2023-07-01,58124.0,0
q61,2023-10-01,47840.0,0
q62,2022-01-01,53744.0,0
q62,2022-04-01,41755.0,0
q62,2022-07-01,44952.0,0
q62,2022-10-01,51935.0,0
q62,2023-01-01,67447.0,0
q62,2023-04-01,45638.0,0
q62,2023-07-01,55539.0,0
q62,2023-10-01,55612.0,0
q63,2022-01-01,13677181.0,0
q63,2022-04-01,15151376.0,1
q63,2022-07-01,15313710.0,0
q63,2022-10-01,15533280.0,0
q63,2023-01-01,15011634.0,0
q63,2023-04-01,15458747.0,1
q63,2023-07-01,16219715.0,0
q63,2023-10-01,15981703.0,0
q64,2022-01-01,968438.0,0
q64,2022-04-01,1017824.0,0
q64,2022-07-01,1186878.0,0
q64,2022-10-01,1050786.0,0
q64,2023-01-01,1100635.0,0
q64,2023-04-01,986967.0,0
q64,2023-07-01,971748.0,0
q64,2023-10-01,782992.0,0
q65,2022-01-01,62749.0,0
q65,2022-04-01,60299.0,0
q65,2022-07-01,62841.0,0
q65,2022-10-01,60838.0,0
q65,2023-01-01,58581.0,0
q65,2023-04-01,54642.0,0
q65,2023-07-01,57745.0,0
q65,2023-10-01,58386.0,0
q66,2022-01-01,325633.0,0
q66,2022-04-01,282908.0,0
q66,2022-07-01,212323.0,0
q66,2022-10-01,269964.0,0
q66,2023-01-01,307149.0,0
q66,2023-04-01,286361.0,0
q66,2023-07-01,219885.0,0
q66,2023-10-01,301654.0,0
q67,2022-01-01,176242.0,0
q67,2022-04-01,180085.0,0
q67,2022-07-01,189187.0,0
q67,2022-10-01,128920.0,0
q67,2023-01-01,163649.0,0
q67,2023-04-01,169314.0,0
q67,2023-07-01,165823.0,0
q67,2023-10-01,111484.0,0
q68,2022-01-01,41267.0,0
q68,2022-04-01,41542.0,0
q68,2022-07-01,39963.0,0
q68,2022-10-01,36009.0,0
q68,2023-01-01,39781.0,0
q68,2023-04-01,39048.0,0
q68,2023-07-01,39492.0,0
q68,2023-10-01,34782.0,0
q69,2022-01-01,53571.0,0
q69,2022-04-01,81720.0,0
q69,2022-07-01,52857.0,0
q69,2022-10-01,63659.0,0
q69,2023-01-01,54054.0,0
q69,2023-04-01,82822.0,0
q69,2023-07-01,57036.0,0
q69,2023-10-01,69551.0,0
q7,2022-01-01,44596.0,0
q7,2022-04-01,51049.0,0
q7,2022-07-01,47459.0,0
q7,2022-10-01,61521.0,0
q7,2023-01-01,48333.0,0
q7,2023-04-01,52961.0,0
q7,2023-07-01,47506.0,0
q7,2023-10-01,65037.0,0
q70,2022-01-01,37267.0,0
q70,2022-04-01,46492.0,0
q70,2022-07-01,35779.0,0
q70,2022-10-01,33001.0,0
q70,2023-01-01,34682.0,0
q70,2023-04-01,46799.0,0
q70,2023-07-01,38354.0,0
q70,2023-10-01,37213.0,0
q71,2022-01-01,19174.0,0
q71,2022-04-01,25897.0,0
q71,2022-07-01,19782.0,0
q71,2022-10-01,16966.0,0
q71,2023-01-01,18947.0,0
q71,2023-04-01,27843.0,0
q71,2023-07-01,19376.0,0
q71,2023-10-01,19057.0,0
q72,2022-01-01,32931.0,0
q72,2022-04-01,21208.0,0
q72,2022-07-01,28060.0,0
q72,2022-10-01,20139.0,0
q72,2023-01-01,25749.0,0
q72,2023-04-01,19897.0,0
q72,2023-07-01,24959.0,0
q72,2023-10-01,21695.0,0
q73,2022-01-01,18071.0,0
q73,2022-04-01,17768.0,0
q73,2022-07-01,17682.0,0
q73,2022-10-01,21314.0,0
q73,2023-01-01,16847.0,0
q73,2023-04-01,18126.0,0
q73,2023-07-01,18657.0,0
q73,2023-10-01,23486.0,0
q74,2022-01-01,55720.0,0
q74,2022-04-01,64562.0,0
q74,2022-07-01,68910.0,0
q74,2022-10-01,53706.0,0
q74,2023-01-01,61609.0,0
q74,2023-04-01,76542.0,0
q74,2023-07-01,75294.0,0
q74,2023-10-01,57293.0,0
q75,2022-01-01,66761.0,0
q75,2022-04-01,75162.0,0
q75,2022-07-01,89343.0,0
q75,2022-10-01,60999.0,0
q75,2023-01-01,77029.0,0
q75,2023-04-01,81081.0,0
q75,2023-07-01,114544.0,0
q75,2023-10-01,65715.0,0
q76,2022-01-01,36001.0,0
q76,2022-04-01,41274.0,0
q76,2022-07-01,41106.0,0
q76,2022-10-01,48326.0,1
q76,2023-01-01,41855.0,1
q76,2023-04-01,48427.0,1
q76,2023-07-01,51385.0,1
q76,2023-10-01,54521.0,1
q77,2022-01-01,107725.0,0
q77,2022-04-01,111286.0,0
q77,2022-07-01,123608.0,0
q77,2022-10-01,109865.0,0
q77,2023-01-01,107787.0,0
q77,2023-04-01,114824.0,0
q77,2023-07-01,124677.0,0
q77,2023-10-01,108089.0,0
q78,2022-01-01,19706.0,0
q78,2022-04-01,30236.0,0
q78,2022-07-01,37276.0,0
q78,2022-10-01,19270.0,0
q78,2023-01-01,21289.0,0
q78,2023-04-01,32008.0,0
q78,2023-07-01,36969.0,0
q78,2023-10-01,20245.0,0
q79,2022-01-01,131141.0,0
q79,2022-04-01,237053.0,0
q79,2022-07-01,224933.0,0
q79,2022-10-01,116211.0,0
q79,2023-01-01,123808.0,0
q79,2023-04-01,269292.0,0
q79,2023-07-01,231686.0,0
q79,2023-10-01,108543.0,0
q8,2022-01-01,316826.0,0
q8,2022-04-01,264510.0,0
q8,2022-07-01,303540.0,0
q8,2022-10-01,325972.0,0
q8,2023-01-01,320658.0,0
q8,2023-04-01,305105.0,0
q8,2023-07-01,336938.0,0
q8,2023-10-01,348410.0,0
q80,2022-01-01,36886.0,0
q80,2022-04-01,45399.0,0
q80,2022-07-01,43698.0,0
q80,2022-10-01,24385.0,0
q80,2023-01-01,35061.0,0
q80,2023-04-01,45112.0,0
q80,2023-07-01,45073.0,0
q80,2023-10-01,23437.0,0
q81,2022-01-01,108281.0,0
q81,2022-04-01,148792.0,0
q81,2022-07-01,125835.0,0
q81,2022-10-01,73243.0,0
q81,2023-01-01,108364.0,0
q81,2023-04-01,155401.0,0
q81,2023-07-01,140684.0,0
q81,2023-10-01,75024.0,0
q82,2022-01-01,82462.0,0
q82,2022-04-01,87096.0,0
q82,2022-07-01,80926.0,0
q82,2022-10-01,69820.0,0
q82,2023-01-01,85400.0,0
q82,2023-04-01,99457.0,0
q82,2023-07-01,93254.0,0
q82,2023-10-01,77045.0,0
q83,2022-01-01,1348839.0,0
q83,2022-04-01,1538480.0,0
q83,2022-07-01,1431268.0,0
q83,2022-10-01,1165797.0,0
q83,2023-01-01,1323060.0,0
q83,2023-04-01,1612354.0,0
q83,2023-07-01,1497148.0,0
q83,2023-10-01,1208834.0,0
q84,2022-01-01,160034.0,0
q84,2022-04-01,122720.0,0
q84,2022-07-01,86372.0,0
q84,2022-10-01,115414.0,0
q84,2023-01-01,146551.0,0
q84,2023-04-01,122351.0,0
q84,2023-07-01,89161.0,0
q84,2023-10-01,135001.0,0
q85,2022-01-01,140855.0,0
q85,2022-04-01,150254.0,0
q85,2022-07-01,153721.0,0
q85,2022-10-01,103539.0,0
q85,2023-01-01,128282.0,0
q85,2023-04-01,139312.0,0
q85,2023-07-01,129229.0,0
q85,2023-10-01,85205.0,0
q86,2022-01-01,18907.0,0
q86,2022-04-01,22210.0,0
q86,2022-07-01,15790.0,0
q86,2022-10-01,16885.0,0
q86,2023-01-01,17863.0,0
q86,2023-04-01,18827.0,0
q86,2023-07-01,15670.0,0
q86,2023-10-01,14347.0,0
q87,2022-01-01,23626.0,0
q87,2022-04-01,48929.0,0
q87,2022-07-01,19683.0,0
q87,2022-10-01,33155.0,0
q87,2023-01-01,19897.0,0
q87,2023-04-01,47179.0,0
q87,2023-07-01,21717.0,0
q87,2023-10-01,37394.0,0
q88,2022-01-01,18463.0,0
q88,2022-04-01,28828.0,0
q88,2022-07-01,14103.0,0
q88,2022-10-01,18208.0,0
q88,2023-01-01,15475.0,0
q88,2023-04-01,27558.0,0
q88,2023-07-01,14502.0,0
q88,2023-10-01,19892.0,0
q89,2022-01-01,6527.0,0
q89,2022-04-01,13475.0,0
q89,2022-07-01,6369.0,0
q89,2022-10-01,7119.0,0
q89,2023-01-01,6751.0,0
q89,2023-04-01,14775.0,0
q89,2023-07-01,5496.0,0
q89,2023-10-01,8016.0,0
q9,2022-01-01,142300.0,0
q9,2022-04-01,159844.0,0
q9,2022-07-01,171954.0,0
q9,2022-10-01,168382.0,0
q9,2023-01-01,173639.0,0
q9,2023-04-01,160045.0,0
q9,2023-07-01,179973.0,0
q9,2023-10-01,204957.0,0
q90,2022-01-01,24370.0,0
q90,2022-04-01,15968.0,0
q90,2022-07-01,19815.0,0
q90,2022-10-01,14742.0,0
q90,2023-01-01,17657.0,0
q90,2023-04-01,14531.0,0
q90,2023-07-01,17155.0,0
q90,2023-10-01,15623.0,0
q91,2022-01-01,6418.0,0
q91,2022-04-01,7286.0,0
q91,2022-07-01,5902.0,0
q91,2022-10-01,9734.0,0
q91,2023-01-01,5203.0,0
q91,2023-04-01,7830.0,0
q91,2023-07-01,5085.0,0
q91,2023-10-01,9761.0,0
q92,2022-01-01,36588.0,0
q92,2022-04-01,45866.0,0
q92,2022-07-01,43572.0,0
q92,2022-10-01,36746.0,0
q92,2023-01-01,38860.0,0
q92,2023-04-01,55931.0,0
q92,2023-07-01,47529.0,0
q92,2023-10-01,38732.0,0
q93,2022-01-01,28299.0,0
q93,2022-04-01,33818.0,0
q93,2022-07-01,39997.0,0
q93,2022-10-01,29627.0,0
q93,2023-01-01,31857.0,0
q93,2023-04-01,39908.0,0
q93,2023-07-01,54559.0,1
q93,2023-10-01,32046.0,0
q94,2022-01-01,8785.0,0
q94,2022-04-01,11940.0,0
q94,2022-07-01,9358.0,0
q94,2022-10-01,16582.0,0
q94,2023-01-01,9428.0,0
q94,2023-04-01,13392.0,0
q94,2023-07-01,10363.0,0
q94,2023-10-01,16091.0,0
q95,2022-01-01,41219.0,0
q95,2022-04-01,51541.0,0
q95,2022-07-01,61022.0,0
q95,2022-10-01,45287.0,0
q95,2023-01-01,40058.0,0
q95,2023-04-01,54114.0,0
q95,2023-07-01,58988.0,0
q95,2023-10-01,40491.0,0
q96,2022-01-01,8087.0,0
q96,2022-04-01,14731.0,0
q96,2022-07-01,19960.0,0
q96,2022-10-01,8584.0,0
q96,2023-01-01,8458.0,0
q96,2023-04-01,15071.0,0
q96,2023-07-01,18948.0,0
q96,2023-10-01,7685.0,0
q97,2022-01-01,69170.0,0
q97,2022-04-01,124911.0,0
q97,2022-07-01,120163.0,0
q97,2022-10-01,55420.0,0
q97,2023-01-01,62972.0,0
q97,2023-04-01,152162.0,1
q97,2023-07-01,122996.0,0
q97,2023-10-01,52078.0,0
q98,2022-01-01,23386.0,0
q98,2022-04-01,31885.0,0
q98,2022-07-01,28481.0,0
q98,2022-10-01,15066.0,0
q98,2023-01-01,21039.0,0
q98,2023-04-01,31358.0,0
q98,2023-07-01,28420.0,0
q98,2023-10-01,14354.0,0
q99,2022-01-01,61639.0,0
q99,2022-04-01,85729.0,0
q99,2022-07-01,70680.0,0
q99,2022-10-01,37708.0,0
q99,2023-01-01,59983.0,0
q99,2023-04-01,89443.0,0
q99,2023-07-01,76657.0,0
q99,2023-10-01,38661.0,0
